Level 1,Level 2,Level 3,Level 4,Level 5,Level 6,Level 7,Emission / Removal / Bunker,Gas,State,Economic Activity,Product,2005,2006,2007,2008,2009,2010,2011,2012,2013,2014,2015
Waste,Industrial Wastewater,Iron & Steel,,,,,Emissions,CO2e (t) GWP-AR2,Andaman & Nicobar Islands,Waste,,0.0,0.0,0.0,0.0,0.0,0.0,0.0,0.0,0.0,0.0,0.0
Waste,Industrial Wastewater,Iron & Steel,,,,,Emissions,CO2e (t) GWP-AR2,Andhra Pradesh,Waste,,0.0,0.0,0.0,0.0,0.0,0.0,0.0,0.0,0.0,0.0,0.0
Waste,Industrial Wastewater,Iron & Steel,,,,,Emissions,CO2e (t) GWP-AR2,Arunachal Pradesh,Waste,,0.0,0.0,0.0,0.0,0.0,0.0,0.0,0.0,0.0,0.0,0.0
Waste,Industrial Wastewater,Iron & Steel,,,,,Emissions,CO2e (t) GWP-AR2,Assam,Waste,,0.0,0.0,0.0,0.0,0.0,0.0,0.0,0.0,0.0,0.0,0.0
Waste,Industrial Wastewater,Iron & Steel,,,,,Emissions,CO2e (t) GWP-AR2,Bihar,Waste,,0.0,0.0,0.0,0.0,0.0,0.0,0.0,0.0,0.0,0.0,0.0
Waste,Industrial Wastewater,Iron & Steel,,,,,Emissions,CO2e (t) GWP-AR2,Chandigarh,Waste,,0.0,0.0,0.0,0.0,0.0,0.0,0.0,0.0,0.0,0.0,0.0
Waste,Industrial Wastewater,Iron & Steel,,,,,Emissions,CO2e (t) GWP-AR2,Chhattisgarh,Waste,,0.0,0.0,0.0,0.0,0.0,0.0,0.0,0.0,0.0,0.0,0.0
Waste,Industrial Wastewater,Iron & Steel,,,,,Emissions,CO2e (t) GWP-AR2,Daman & Diu,Waste,,0.0,0.0,0.0,0.0,0.0,0.0,0.0,0.0,0.0,0.0,0.0
Waste,Industrial Wastewater,Iron & Steel,,,,,Emissions,CO2e (t) GWP-AR2,Dadra & Nagar Haveli,Waste,,0.0,0.0,0.0,0.0,0.0,0.0,0.0,0.0,0.0,0.0,0.0
Waste,Industrial Wastewater,Iron & Steel,,,,,Emissions,CO2e (t) GWP-AR2,Delhi,Waste,,0.0,0.0,0.0,0.0,0.0,0.0,0.0,0.0,0.0,0.0,0.0
Waste,Industrial Wastewater,Iron & Steel,,,,,Emissions,CO2e (t) GWP-AR2,Goa,Waste,,0.0,0.0,0.0,0.0,0.0,0.0,0.0,0.0,0.0,0.0,0.0
Waste,Industrial Wastewater,Iron & Steel,,,,,Emissions,CO2e (t) GWP-AR2,Gujarat,Waste,,0.0,0.0,0.0,0.0,0.0,0.0,0.0,0.0,0.0,0.0,0.0
Waste,Industrial Wastewater,Iron & Steel,,,,,Emissions,CO2e (t) GWP-AR2,Haryana,Waste,,0.0,0.0,0.0,0.0,0.0,0.0,0.0,0.0,0.0,0.0,0.0
Waste,Industrial Wastewater,Iron & Steel,,,,,Emissions,CO2e (t) GWP-AR2,Himachal Pradesh,Waste,,0.0,0.0,0.0,0.0,0.0,0.0,0.0,0.0,0.0,0.0,0.0
Waste,Industrial Wastewater,Iron & Steel,,,,,Emissions,CO2e (t) GWP-AR2,Jammu & Kashmir,Waste,,0.0,0.0,0.0,0.0,0.0,0.0,0.0,0.0,0.0,0.0,0.0
Waste,Industrial Wastewater,Iron & Steel,,,,,Emissions,CO2e (t) GWP-AR2,Jharkhand,Waste,,0.0,0.0,0.0,0.0,0.0,0.0,0.0,0.0,0.0,0.0,0.0
Waste,Industrial Wastewater,Iron & Steel,,,,,Emissions,CO2e (t) GWP-AR2,Karnataka,Waste,,0.0,0.0,0.0,0.0,0.0,0.0,0.0,0.0,0.0,0.0,0.0
Waste,Industrial Wastewater,Iron & Steel,,,,,Emissions,CO2e (t) GWP-AR2,Kerala,Waste,,0.0,0.0,0.0,0.0,0.0,0.0,0.0,0.0,0.0,0.0,0.0
Waste,Industrial Wastewater,Iron & Steel,,,,,Emissions,CO2e (t) GWP-AR2,Lakshadweep,Waste,,0.0,0.0,0.0,0.0,0.0,0.0,0.0,0.0,0.0,0.0,0.0
Waste,Industrial Wastewater,Iron & Steel,,,,,Emissions,CO2e (t) GWP-AR2,Madhya Pradesh,Waste,,0.0,0.0,0.0,0.0,0.0,0.0,0.0,0.0,0.0,0.0,0.0
Waste,Industrial Wastewater,Iron & Steel,,,,,Emissions,CO2e (t) GWP-AR2,Maharashtra,Waste,,0.0,0.0,0.0,0.0,0.0,0.0,0.0,0.0,0.0,0.0,0.0
Waste,Industrial Wastewater,Iron & Steel,,,,,Emissions,CO2e (t) GWP-AR2,Manipur,Waste,,0.0,0.0,0.0,0.0,0.0,0.0,0.0,0.0,0.0,0.0,0.0
Waste,Industrial Wastewater,Iron & Steel,,,,,Emissions,CO2e (t) GWP-AR2,Meghalaya,Waste,,0.0,0.0,0.0,0.0,0.0,0.0,0.0,0.0,0.0,0.0,0.0
Waste,Industrial Wastewater,Iron & Steel,,,,,Emissions,CO2e (t) GWP-AR2,Mizoram,Waste,,0.0,0.0,0.0,0.0,0.0,0.0,0.0,0.0,0.0,0.0,0.0
Waste,Industrial Wastewater,Iron & Steel,,,,,Emissions,CO2e (t) GWP-AR2,Nagaland,Waste,,0.0,0.0,0.0,0.0,0.0,0.0,0.0,0.0,0.0,0.0,0.0
Waste,Industrial Wastewater,Iron & Steel,,,,,Emissions,CO2e (t) GWP-AR2,Odisha,Waste,,0.0,0.0,0.0,0.0,0.0,0.0,0.0,0.0,0.0,0.0,0.0
Waste,Industrial Wastewater,Iron & Steel,,,,,Emissions,CO2e (t) GWP-AR2,Puducherry,Waste,,0.0,0.0,0.0,0.0,0.0,0.0,0.0,0.0,0.0,0.0,0.0
Waste,Industrial Wastewater,Iron & Steel,,,,,Emissions,CO2e (t) GWP-AR2,Punjab,Waste,,0.0,0.0,0.0,0.0,0.0,0.0,0.0,0.0,0.0,0.0,0.0
Waste,Industrial Wastewater,Iron & Steel,,,,,Emissions,CO2e (t) GWP-AR2,Rajasthan,Waste,,0.0,0.0,0.0,0.0,0.0,0.0,0.0,0.0,0.0,0.0,0.0
Waste,Industrial Wastewater,Iron & Steel,,,,,Emissions,CO2e (t) GWP-AR2,Sikkim,Waste,,0.0,0.0,0.0,0.0,0.0,0.0,0.0,0.0,0.0,0.0,0.0
Waste,Industrial Wastewater,Iron & Steel,,,,,Emissions,CO2e (t) GWP-AR2,Tamil Nadu,Waste,,0.0,0.0,0.0,0.0,0.0,0.0,0.0,0.0,0.0,0.0,0.0
Waste,Industrial Wastewater,Iron & Steel,,,,,Emissions,CO2e (t) GWP-AR2,Telangana,Waste,,0.0,0.0,0.0,0.0,0.0,0.0,0.0,0.0,0.0,0.0,0.0
Waste,Industrial Wastewater,Iron & Steel,,,,,Emissions,CO2e (t) GWP-AR2,Tripura,Waste,,0.0,0.0,0.0,0.0,0.0,0.0,0.0,0.0,0.0,0.0,0.0
Waste,Industrial Wastewater,Iron & Steel,,,,,Emissions,CO2e (t) GWP-AR2,Uttar Pradesh,Waste,,0.0,0.0,0.0,0.0,0.0,0.0,0.0,0.0,0.0,0.0,0.0
Waste,Industrial Wastewater,Iron & Steel,,,,,Emissions,CO2e (t) GWP-AR2,Uttarakhand,Waste,,0.0,0.0,0.0,0.0,0.0,0.0,0.0,0.0,0.0,0.0,0.0
Waste,Industrial Wastewater,Iron & Steel,,,,,Emissions,CO2e (t) GWP-AR2,West Bengal,Waste,,0.0,0.0,0.0,0.0,0.0,0.0,0.0,0.0,0.0,0.0,0.0
Waste,Industrial Wastewater,Fertilizers,,,,,Emissions,CO2e (t) GWP-AR2,Andaman & Nicobar Islands,Waste,,0.0,0.0,0.0,0.0,0.0,0.0,0.0,0.0,0.0,0.0,0.0
Waste,Industrial Wastewater,Fertilizers,,,,,Emissions,CO2e (t) GWP-AR2,Andhra Pradesh,Waste,,38758.47,42267.96,39120.48,38297.7,44092.44,45198.09,43495.2,42160.23,43188.39,32238.99,27143.54
Waste,Industrial Wastewater,Fertilizers,,,,,Emissions,CO2e (t) GWP-AR2,Arunachal Pradesh,Waste,,0.0,0.0,0.0,0.0,0.0,0.0,0.0,0.0,0.0,0.0,0.0
Waste,Industrial Wastewater,Fertilizers,,,,,Emissions,CO2e (t) GWP-AR2,Assam,Waste,,2785.86,3402.0,3754.17,2598.75,3239.46,3374.91,3248.91,4238.01,5577.39,4628.61,4308.37
Waste,Industrial Wastewater,Fertilizers,,,,,Emissions,CO2e (t) GWP-AR2,Bihar,Waste,,0.0,0.0,0.0,0.0,0.0,0.0,0.0,0.0,0.0,0.0,0.0
Waste,Industrial Wastewater,Fertilizers,,,,,Emissions,CO2e (t) GWP-AR2,Chandigarh,Waste,,0.0,0.0,0.0,0.0,0.0,0.0,0.0,0.0,0.0,0.0,0.0
Waste,Industrial Wastewater,Fertilizers,,,,,Emissions,CO2e (t) GWP-AR2,Chhattisgarh,Waste,,0.0,0.0,0.0,0.0,0.0,0.0,0.0,0.0,0.0,0.0,0.0
Waste,Industrial Wastewater,Fertilizers,,,,,Emissions,CO2e (t) GWP-AR2,Daman & Diu,Waste,,0.0,0.0,0.0,0.0,0.0,0.0,0.0,0.0,0.0,0.0,0.0
Waste,Industrial Wastewater,Fertilizers,,,,,Emissions,CO2e (t) GWP-AR2,Dadra & Nagar Haveli,Waste,,0.0,0.0,0.0,0.0,0.0,0.0,0.0,0.0,0.0,0.0,0.0
Waste,Industrial Wastewater,Fertilizers,,,,,Emissions,CO2e (t) GWP-AR2,Delhi,Waste,,0.0,0.0,0.0,0.0,0.0,0.0,0.0,0.0,0.0,0.0,0.0
Waste,Industrial Wastewater,Fertilizers,,,,,Emissions,CO2e (t) GWP-AR2,Goa,Waste,,12457.77,12869.01,12657.96,11864.16,13245.75,12325.32,11115.09,9384.48,10522.89,11485.53,11353.32
Waste,Industrial Wastewater,Fertilizers,,,,,Emissions,CO2e (t) GWP-AR2,Gujarat,Waste,,81959.22,92359.89,84155.4,76253.31,85968.54,86257.08,80641.89,84627.27,82003.32,81615.87,81166.31
Waste,Industrial Wastewater,Fertilizers,,,,,Emissions,CO2e (t) GWP-AR2,Haryana,Waste,,5918.85,5882.31,5921.37,5729.22,5874.12,5572.35,5710.95,5288.22,5726.7,6275.43,6462.65
Waste,Industrial Wastewater,Fertilizers,,,,,Emissions,CO2e (t) GWP-AR2,Himachal Pradesh,Waste,,0.0,0.0,0.0,0.0,0.0,0.0,0.0,0.0,0.0,0.0,0.0
Waste,Industrial Wastewater,Fertilizers,,,,,Emissions,CO2e (t) GWP-AR2,Jammu & Kashmir,Waste,,0.0,0.0,0.0,0.0,0.0,0.0,0.0,0.0,0.0,0.0,0.0
Waste,Industrial Wastewater,Fertilizers,,,,,Emissions,CO2e (t) GWP-AR2,Jharkhand,Waste,,0.0,0.0,0.0,0.0,0.0,0.0,0.0,0.0,0.0,0.0,0.0
Waste,Industrial Wastewater,Fertilizers,,,,,Emissions,CO2e (t) GWP-AR2,Karnataka,Waste,,7462.51,7985.25,8147.79,7813.89,8254.26,7874.37,7100.1,7065.45,7149.24,7437.15,7544.19
Waste,Industrial Wastewater,Fertilizers,,,,,Emissions,CO2e (t) GWP-AR2,Kerala,Waste,,8036.91,8244.81,5383.35,6200.46,8108.73,7718.76,7167.51,7185.78,7588.98,7234.92,6893.63
Waste,Industrial Wastewater,Fertilizers,,,,,Emissions,CO2e (t) GWP-AR2,Lakshadweep,Waste,,0.0,0.0,0.0,0.0,0.0,0.0,0.0,0.0,0.0,0.0,0.0
Waste,Industrial Wastewater,Fertilizers,,,,,Emissions,CO2e (t) GWP-AR2,Madhya Pradesh,Waste,,21425.67,21419.37,20718.18,20800.71,21120.12,21625.38,22082.13,21760.83,23369.22,24886.26,25912.14
Waste,Industrial Wastewater,Fertilizers,,,,,Emissions,CO2e (t) GWP-AR2,Maharashtra,Waste,,25743.69,26173.98,25613.28,26068.77,28491.12,30885.12,31758.93,34184.43,32381.37,38028.06,43046.61
Waste,Industrial Wastewater,Fertilizers,,,,,Emissions,CO2e (t) GWP-AR2,Manipur,Waste,,0.0,0.0,0.0,0.0,0.0,0.0,0.0,0.0,0.0,0.0,0.0
Waste,Industrial Wastewater,Fertilizers,,,,,Emissions,CO2e (t) GWP-AR2,Meghalaya,Waste,,0.0,0.0,0.0,0.0,0.0,0.0,0.0,0.0,0.0,0.0,0.0
Waste,Industrial Wastewater,Fertilizers,,,,,Emissions,CO2e (t) GWP-AR2,Mizoram,Waste,,0.0,0.0,0.0,0.0,0.0,0.0,0.0,0.0,0.0,0.0,0.0
Waste,Industrial Wastewater,Fertilizers,,,,,Emissions,CO2e (t) GWP-AR2,Nagaland,Waste,,0.0,0.0,0.0,0.0,0.0,0.0,0.0,0.0,0.0,0.0,0.0
Waste,Industrial Wastewater,Fertilizers,,,,,Emissions,CO2e (t) GWP-AR2,Odisha,Waste,,20725.06,26516.7,29919.96,29191.05,32870.25,36850.59,38194.38,35274.96,36487.08,26505.36,22024.53
Waste,Industrial Wastewater,Fertilizers,,,,,Emissions,CO2e (t) GWP-AR2,Puducherry,Waste,,0.0,0.0,0.0,0.0,0.0,0.0,0.0,0.0,0.0,0.0,0.0
Waste,Industrial Wastewater,Fertilizers,,,,,Emissions,CO2e (t) GWP-AR2,Punjab,Waste,,11665.08,11524.59,11484.27,12012.84,11643.66,11833.29,11562.39,11024.37,11329.29,12003.39,12293.64
Waste,Industrial Wastewater,Fertilizers,,,,,Emissions,CO2e (t) GWP-AR2,Rajasthan,Waste,,26234.61,26489.61,27326.25,27013.14,27683.46,28760.13,29268.54,28242.9,25295.76,27447.21,28523.85
Waste,Industrial Wastewater,Fertilizers,,,,,Emissions,CO2e (t) GWP-AR2,Sikkim,Waste,,0.0,0.0,0.0,0.0,0.0,0.0,0.0,0.0,0.0,0.0,0.0
Waste,Industrial Wastewater,Fertilizers,,,,,Emissions,CO2e (t) GWP-AR2,Tamil Nadu,Waste,,22583.32,21843.99,11644.29,6682.41,8089.83,14435.82,19447.47,20322.54,22995.63,18843.3,19802.36
Waste,Industrial Wastewater,Fertilizers,,,,,Emissions,CO2e (t) GWP-AR2,Telangana,Waste,,0.0,0.0,0.0,0.0,0.0,0.0,0.0,0.0,0.0,0.0,0.0
Waste,Industrial Wastewater,Fertilizers,,,,,Emissions,CO2e (t) GWP-AR2,Tripura,Waste,,0.0,0.0,0.0,0.0,0.0,0.0,0.0,0.0,0.0,0.0,0.0
Waste,Industrial Wastewater,Fertilizers,,,,,Emissions,CO2e (t) GWP-AR2,Uttar Pradesh,Waste,,56856.24,70891.38,72394.56,74413.71,79799.58,81630.36,83275.29,82323.99,81435.06,80910.4,80684.5
Waste,Industrial Wastewater,Fertilizers,,,,,Emissions,CO2e (t) GWP-AR2,Uttarakhand,Waste,,0.0,0.0,0.0,0.0,0.0,0.0,0.0,0.0,0.0,0.0,0.0
Waste,Industrial Wastewater,Fertilizers,,,,,Emissions,CO2e (t) GWP-AR2,West Bengal,Waste,,9285.59,13335.84,9746.1,7173.81,6952.05,7593.39,7413.21,6349.77,7132.23,6281.73,5777.72
Waste,Industrial Wastewater,Sugar,,,,,Emissions,CO2e (t) GWP-AR2,Andaman & Nicobar Islands,Waste,,0.0,0.0,0.0,0.0,0.0,0.0,0.0,0.0,0.0,0.0,0.0
Waste,Industrial Wastewater,Sugar,,,,,Emissions,CO2e (t) GWP-AR2,Andhra Pradesh,Waste,,2954.7,3953.88,3581.55,1961.82,1346.94,2225.79,2778.93,2165.16,1759.12,1493.1,1399.23
Waste,Industrial Wastewater,Sugar,,,,,Emissions,CO2e (t) GWP-AR2,Arunachal Pradesh,Waste,,0.0,0.0,0.0,0.0,0.0,0.0,0.0,0.0,0.0,0.0,0.0
Waste,Industrial Wastewater,Sugar,,,,,Emissions,CO2e (t) GWP-AR2,Assam,Waste,,0.0,0.0,0.0,0.0,0.0,0.0,0.0,0.0,0.0,0.0,0.0
Waste,Industrial Wastewater,Sugar,,,,,Emissions,CO2e (t) GWP-AR2,Bihar,Waste,,956.97,1118.25,919.17,616.14,622.44,890.19,1093.05,1190.51,1428.78,1369.62,1282.05
Waste,Industrial Wastewater,Sugar,,,,,Emissions,CO2e (t) GWP-AR2,Chandigarh,Waste,,0.0,0.0,0.0,0.0,0.0,0.0,0.0,0.0,0.0,0.0,0.0
Waste,Industrial Wastewater,Sugar,,,,,Emissions,CO2e (t) GWP-AR2,Chhattisgarh,Waste,,40.32,56.7,86.94,48.51,25.2,49.14,82.53,114.49,159.12,165.69,148.68
Waste,Industrial Wastewater,Sugar,,,,,Emissions,CO2e (t) GWP-AR2,Daman & Diu,Waste,,0.0,0.0,0.0,0.0,0.0,0.0,0.0,0.0,0.0,0.0,0.0
Waste,Industrial Wastewater,Sugar,,,,,Emissions,CO2e (t) GWP-AR2,Dadra & Nagar Haveli,Waste,,0.0,0.0,0.0,0.0,0.0,0.0,0.0,0.0,0.0,0.0,0.0
Waste,Industrial Wastewater,Sugar,,,,,Emissions,CO2e (t) GWP-AR2,Delhi,Waste,,0.0,0.0,0.0,0.0,0.0,0.0,0.0,0.0,0.0,0.0,0.0
Waste,Industrial Wastewater,Sugar,,,,,Emissions,CO2e (t) GWP-AR2,Goa,Waste,,25.83,42.84,40.32,26.46,20.79,29.61,27.09,26.95,29.56,28.35,25.83
Waste,Industrial Wastewater,Sugar,,,,,Emissions,CO2e (t) GWP-AR2,Gujarat,Waste,,2709.63,3429.09,3479.49,2773.26,2884.77,3083.22,2668.05,2723.49,2924.25,2908.08,2836.89
Waste,Industrial Wastewater,Sugar,,,,,Emissions,CO2e (t) GWP-AR2,Haryana,Waste,,836.01,1489.95,1542.87,810.18,612.99,897.12,1180.62,1244.77,1326.11,1421.28,1374.03
Waste,Industrial Wastewater,Sugar,,,,,Emissions,CO2e (t) GWP-AR2,Himachal Pradesh,Waste,,0.0,0.0,0.0,0.0,0.0,0.0,0.0,0.0,0.0,0.0,0.0
Waste,Industrial Wastewater,Sugar,,,,,Emissions,CO2e (t) GWP-AR2,Jammu & Kashmir,Waste,,0.0,0.0,0.0,0.0,0.0,0.0,0.0,0.0,0.0,0.0,0.0
Waste,Industrial Wastewater,Sugar,,,,,Emissions,CO2e (t) GWP-AR2,Jharkhand,Waste,,0.0,0.0,0.0,0.0,0.0,0.0,0.0,0.0,0.0,0.0,0.0
Waste,Industrial Wastewater,Sugar,,,,,Emissions,CO2e (t) GWP-AR2,Karnataka,Waste,,4327.47,6255.27,7158.06,4953.06,5876.64,8572.41,9638.37,10090.67,10412.84,12050.01,10793.79
Waste,Industrial Wastewater,Sugar,,,,,Emissions,CO2e (t) GWP-AR2,Kerala,Waste,,0.0,0.0,0.0,0.0,0.0,0.0,0.0,0.0,0.0,0.0,0.0
Waste,Industrial Wastewater,Sugar,,,,,Emissions,CO2e (t) GWP-AR2,Lakshadweep,Waste,,0.0,0.0,0.0,0.0,0.0,0.0,0.0,0.0,0.0,0.0,0.0
Waste,Industrial Wastewater,Sugar,,,,,Emissions,CO2e (t) GWP-AR2,Madhya Pradesh,Waste,,223.02,399.42,442.26,215.46,186.48,362.25,404.46,621.51,837.17,992.25,882.63
Waste,Industrial Wastewater,Sugar,,,,,Emissions,CO2e (t) GWP-AR2,Maharashtra,Waste,,11219.04,20473.11,22884.75,14369.67,16240.77,21564.27,22670.55,22150.51,20089.13,24736.95,22636.53
Waste,Industrial Wastewater,Sugar,,,,,Emissions,CO2e (t) GWP-AR2,Manipur,Waste,,0.0,0.0,0.0,0.0,0.0,0.0,0.0,0.0,0.0,0.0,0.0
Waste,Industrial Wastewater,Sugar,,,,,Emissions,CO2e (t) GWP-AR2,Meghalaya,Waste,,0.0,0.0,0.0,0.0,0.0,0.0,0.0,0.0,0.0,0.0,0.0
Waste,Industrial Wastewater,Sugar,,,,,Emissions,CO2e (t) GWP-AR2,Mizoram,Waste,,0.0,0.0,0.0,0.0,0.0,0.0,0.0,0.0,0.0,0.0,0.0
Waste,Industrial Wastewater,Sugar,,,,,Emissions,CO2e (t) GWP-AR2,Nagaland,Waste,,0.0,0.0,0.0,0.0,0.0,0.0,0.0,0.0,0.0,0.0,0.0
Waste,Industrial Wastewater,Sugar,,,,,Emissions,CO2e (t) GWP-AR2,Odisha,Waste,,103.32,140.49,157.5,98.28,63.0,99.54,151.2,137.18,145.48,119.07,117.81
Waste,Industrial Wastewater,Sugar,,,,,Emissions,CO2e (t) GWP-AR2,Puducherry,Waste,,64.26,131.04,134.19,64.26,46.62,100.8,150.57,114.06,122.86,93.24,29.61
Waste,Industrial Wastewater,Sugar,,,,,Emissions,CO2e (t) GWP-AR2,Punjab,Waste,,837.27,1131.48,1315.44,793.8,494.55,684.81,927.36,1120.26,1185.49,1311.03,1605.87
Waste,Industrial Wastewater,Sugar,,,,,Emissions,CO2e (t) GWP-AR2,Rajasthan,Waste,,13.86,17.01,15.75,11.34,10.08,10.08,6.3,9.74,12.28,16.38,13.86
Waste,Industrial Wastewater,Sugar,,,,,Emissions,CO2e (t) GWP-AR2,Sikkim,Waste,,0.0,0.0,0.0,0.0,0.0,0.0,0.0,0.0,0.0,0.0,0.0
Waste,Industrial Wastewater,Sugar,,,,,Emissions,CO2e (t) GWP-AR2,Tamil Nadu,Waste,,4746.42,6148.17,5646.06,4369.05,3425.94,4295.34,5659.29,4545.72,3695.67,3267.18,3371.13
Waste,Industrial Wastewater,Sugar,,,,,Emissions,CO2e (t) GWP-AR2,Telangana,Waste,,0.0,0.0,0.0,0.0,0.0,0.0,0.0,0.0,0.0,815.85,725.76
Waste,Industrial Wastewater,Sugar,,,,,Emissions,CO2e (t) GWP-AR2,Tripura,Waste,,0.0,0.0,0.0,0.0,0.0,0.0,0.0,0.0,0.0,0.0,0.0
Waste,Industrial Wastewater,Sugar,,,,,Emissions,CO2e (t) GWP-AR2,Uttar Pradesh,Waste,,14105.07,19661.67,19172.16,12291.93,12348.63,14389.2,16889.67,16730.02,16610.7,17657.01,17437.77
Waste,Industrial Wastewater,Sugar,,,,,Emissions,CO2e (t) GWP-AR2,Uttarakhand,Waste,,1045.17,1279.53,1093.05,673.47,692.37,754.74,815.85,773.75,751.63,807.66,724.5
Waste,Industrial Wastewater,Sugar,,,,,Emissions,CO2e (t) GWP-AR2,West Bengal,Waste,,12.6,18.27,14.49,6.93,5.04,10.71,12.6,11.08,13.98,13.23,4.09
Waste,Industrial Wastewater,Coffee,,,,,Emissions,CO2e (t) GWP-AR2,Andaman & Nicobar Islands,Waste,,-0.0,-0.0,-0.0,-0.0,-0.0,-0.0,-0.0,-0.0,-0.0,-0.0,-0.0
Waste,Industrial Wastewater,Coffee,,,,,Emissions,CO2e (t) GWP-AR2,Andhra Pradesh,Waste,,1275.93,1896.05,1832.76,2399.01,2917.46,3076.36,3331.55,3369.25,3973.89,4202.46,4964.79
Waste,Industrial Wastewater,Coffee,,,,,Emissions,CO2e (t) GWP-AR2,Arunachal Pradesh,Waste,,17.86,13.95,10.88,8.93,8.76,10.88,14.12,12.67,12.67,14.46,11.65
Waste,Industrial Wastewater,Coffee,,,,,Emissions,CO2e (t) GWP-AR2,Assam,Waste,,29.77,23.25,18.14,14.88,14.6,18.14,23.53,21.12,21.12,24.1,19.42
Waste,Industrial Wastewater,Coffee,,,,,Emissions,CO2e (t) GWP-AR2,Bihar,Waste,,-0.0,-0.0,-0.0,-0.0,-0.0,-0.0,-0.0,-0.0,-0.0,-0.0,-0.0
Waste,Industrial Wastewater,Coffee,,,,,Emissions,CO2e (t) GWP-AR2,Chandigarh,Waste,,-0.0,-0.0,-0.0,-0.0,-0.0,-0.0,-0.0,-0.0,-0.0,-0.0,-0.0
Waste,Industrial Wastewater,Coffee,,,,,Emissions,CO2e (t) GWP-AR2,Chhattisgarh,Waste,,-0.0,-0.0,-0.0,-0.0,-0.0,-0.0,-0.0,-0.0,-0.0,-0.0,-0.0
Waste,Industrial Wastewater,Coffee,,,,,Emissions,CO2e (t) GWP-AR2,Daman & Diu,Waste,,-0.0,-0.0,-0.0,-0.0,-0.0,-0.0,-0.0,-0.0,-0.0,-0.0,-0.0
Waste,Industrial Wastewater,Coffee,,,,,Emissions,CO2e (t) GWP-AR2,Dadra & Nagar Haveli,Waste,,-0.0,-0.0,-0.0,-0.0,-0.0,-0.0,-0.0,-0.0,-0.0,-0.0,-0.0
Waste,Industrial Wastewater,Coffee,,,,,Emissions,CO2e (t) GWP-AR2,Delhi,Waste,,-0.0,-0.0,-0.0,-0.0,-0.0,-0.0,-0.0,-0.0,-0.0,-0.0,-0.0
Waste,Industrial Wastewater,Coffee,,,,,Emissions,CO2e (t) GWP-AR2,Goa,Waste,,-0.0,-0.0,-0.0,-0.0,-0.0,-0.0,-0.0,-0.0,-0.0,-0.0,-0.0
Waste,Industrial Wastewater,Coffee,,,,,Emissions,CO2e (t) GWP-AR2,Gujarat,Waste,,-0.0,-0.0,-0.0,-0.0,-0.0,-0.0,-0.0,-0.0,-0.0,-0.0,-0.0
Waste,Industrial Wastewater,Coffee,,,,,Emissions,CO2e (t) GWP-AR2,Haryana,Waste,,-0.0,-0.0,-0.0,-0.0,-0.0,-0.0,-0.0,-0.0,-0.0,-0.0,-0.0
Waste,Industrial Wastewater,Coffee,,,,,Emissions,CO2e (t) GWP-AR2,Himachal Pradesh,Waste,,-0.0,-0.0,-0.0,-0.0,-0.0,-0.0,-0.0,-0.0,-0.0,-0.0,-0.0
Waste,Industrial Wastewater,Coffee,,,,,Emissions,CO2e (t) GWP-AR2,Jammu & Kashmir,Waste,,-0.0,-0.0,-0.0,-0.0,-0.0,-0.0,-0.0,-0.0,-0.0,-0.0,-0.0
Waste,Industrial Wastewater,Coffee,,,,,Emissions,CO2e (t) GWP-AR2,Jharkhand,Waste,,-0.0,-0.0,-0.0,-0.0,-0.0,-0.0,-0.0,-0.0,-0.0,-0.0,-0.0
Waste,Industrial Wastewater,Coffee,,,,,Emissions,CO2e (t) GWP-AR2,Karnataka,Waste,,111617.49,115434.11,110671.31,118231.55,124540.84,122304.02,124283.56,129229.93,122404.67,129104.48,140019.23
Waste,Industrial Wastewater,Coffee,,,,,Emissions,CO2e (t) GWP-AR2,Kerala,Waste,,31861.85,33346.69,29267.83,31270.05,33431.74,36358.87,38265.41,36954.22,37453.89,38240.6,39036.53
Waste,Industrial Wastewater,Coffee,,,,,Emissions,CO2e (t) GWP-AR2,Lakshadweep,Waste,,-0.0,-0.0,-0.0,-0.0,-0.0,-0.0,-0.0,-0.0,-0.0,-0.0,-0.0
Waste,Industrial Wastewater,Coffee,,,,,Emissions,CO2e (t) GWP-AR2,Madhya Pradesh,Waste,,-0.0,-0.0,-0.0,-0.0,-0.0,-0.0,-0.0,-0.0,-0.0,-0.0,-0.0
Waste,Industrial Wastewater,Coffee,,,,,Emissions,CO2e (t) GWP-AR2,Maharashtra,Waste,,-0.0,-0.0,-0.0,-0.0,-0.0,-0.0,-0.0,-0.0,-0.0,-0.0,-0.0
Waste,Industrial Wastewater,Coffee,,,,,Emissions,CO2e (t) GWP-AR2,Manipur,Waste,,17.86,13.95,10.88,8.93,8.76,10.88,14.12,12.67,12.67,14.46,11.65
Waste,Industrial Wastewater,Coffee,,,,,Emissions,CO2e (t) GWP-AR2,Meghalaya,Waste,,29.77,23.25,18.14,14.88,14.6,18.14,23.53,21.12,21.12,24.1,19.42
Waste,Industrial Wastewater,Coffee,,,,,Emissions,CO2e (t) GWP-AR2,Mizoram,Waste,,17.86,13.95,10.88,8.93,8.76,10.88,14.12,12.67,12.67,14.46,11.65
Waste,Industrial Wastewater,Coffee,,,,,Emissions,CO2e (t) GWP-AR2,Nagaland,Waste,,17.86,13.95,10.88,8.93,8.76,10.88,14.12,12.67,12.67,14.46,11.65
Waste,Industrial Wastewater,Coffee,,,,,Emissions,CO2e (t) GWP-AR2,Odisha,Waste,,67.15,99.79,96.46,126.26,153.55,161.91,175.34,177.33,209.15,288.89,333.11
Waste,Industrial Wastewater,Coffee,,,,,Emissions,CO2e (t) GWP-AR2,Puducherry,Waste,,-0.0,-0.0,-0.0,-0.0,-0.0,-0.0,-0.0,-0.0,-0.0,-0.0,-0.0
Waste,Industrial Wastewater,Coffee,,,,,Emissions,CO2e (t) GWP-AR2,Punjab,Waste,,-0.0,-0.0,-0.0,-0.0,-0.0,-0.0,-0.0,-0.0,-0.0,-0.0,-0.0
Waste,Industrial Wastewater,Coffee,,,,,Emissions,CO2e (t) GWP-AR2,Rajasthan,Waste,,-0.0,-0.0,-0.0,-0.0,-0.0,-0.0,-0.0,-0.0,-0.0,-0.0,-0.0
Waste,Industrial Wastewater,Coffee,,,,,Emissions,CO2e (t) GWP-AR2,Sikkim,Waste,,-0.0,-0.0,-0.0,-0.0,-0.0,-0.0,-0.0,-0.0,-0.0,-0.0,-0.0
Waste,Industrial Wastewater,Coffee,,,,,Emissions,CO2e (t) GWP-AR2,Tamil Nadu,Waste,,10599.35,10418.62,10280.42,9635.45,10670.23,9851.62,10163.47,9987.7,10446.26,10262.7,9888.48
Waste,Industrial Wastewater,Coffee,,,,,Emissions,CO2e (t) GWP-AR2,Telangana,Waste,,-0.0,-0.0,-0.0,-0.0,-0.0,-0.0,-0.0,-0.0,-0.0,0.57,1.13
Waste,Industrial Wastewater,Coffee,,,,,Emissions,CO2e (t) GWP-AR2,Tripura,Waste,,17.86,13.95,10.88,8.93,8.76,10.88,14.12,12.67,12.67,14.46,11.65
Waste,Industrial Wastewater,Coffee,,,,,Emissions,CO2e (t) GWP-AR2,Uttar Pradesh,Waste,,-0.0,-0.0,-0.0,-0.0,-0.0,-0.0,-0.0,-0.0,-0.0,-0.0,-0.0
Waste,Industrial Wastewater,Coffee,,,,,Emissions,CO2e (t) GWP-AR2,Uttarakhand,Waste,,-0.0,-0.0,-0.0,-0.0,-0.0,-0.0,-0.0,-0.0,-0.0,-0.0,-0.0
Waste,Industrial Wastewater,Coffee,,,,,Emissions,CO2e (t) GWP-AR2,West Bengal,Waste,,-0.0,-0.0,-0.0,-0.0,-0.0,-0.0,-0.0,-0.0,-0.0,-0.0,-0.0
Waste,Industrial Wastewater,Petroleum,,,,,Emissions,CO2e (t) GWP-AR2,Andaman & Nicobar Islands,Waste,,0.0,0.0,0.0,0.0,0.0,0.0,0.0,0.0,0.0,0.0,0.0
Waste,Industrial Wastewater,Petroleum,,,,,Emissions,CO2e (t) GWP-AR2,Andhra Pradesh,Waste,,0.0,0.0,0.0,0.0,0.0,0.0,0.0,0.0,0.0,0.0,0.0
Waste,Industrial Wastewater,Petroleum,,,,,Emissions,CO2e (t) GWP-AR2,Arunachal Pradesh,Waste,,0.0,0.0,0.0,0.0,0.0,0.0,0.0,0.0,0.0,0.0,0.0
Waste,Industrial Wastewater,Petroleum,,,,,Emissions,CO2e (t) GWP-AR2,Assam,Waste,,0.0,0.0,0.0,0.0,0.0,0.0,0.0,0.0,0.0,0.0,0.0
Waste,Industrial Wastewater,Petroleum,,,,,Emissions,CO2e (t) GWP-AR2,Bihar,Waste,,0.0,0.0,0.0,0.0,0.0,0.0,0.0,0.0,0.0,0.0,0.0
Waste,Industrial Wastewater,Petroleum,,,,,Emissions,CO2e (t) GWP-AR2,Chandigarh,Waste,,0.0,0.0,0.0,0.0,0.0,0.0,0.0,0.0,0.0,0.0,0.0
Waste,Industrial Wastewater,Petroleum,,,,,Emissions,CO2e (t) GWP-AR2,Chhattisgarh,Waste,,0.0,0.0,0.0,0.0,0.0,0.0,0.0,0.0,0.0,0.0,0.0
Waste,Industrial Wastewater,Petroleum,,,,,Emissions,CO2e (t) GWP-AR2,Daman & Diu,Waste,,0.0,0.0,0.0,0.0,0.0,0.0,0.0,0.0,0.0,0.0,0.0
Waste,Industrial Wastewater,Petroleum,,,,,Emissions,CO2e (t) GWP-AR2,Dadra & Nagar Haveli,Waste,,0.0,0.0,0.0,0.0,0.0,0.0,0.0,0.0,0.0,0.0,0.0
Waste,Industrial Wastewater,Petroleum,,,,,Emissions,CO2e (t) GWP-AR2,Delhi,Waste,,0.0,0.0,0.0,0.0,0.0,0.0,0.0,0.0,0.0,0.0,0.0
Waste,Industrial Wastewater,Petroleum,,,,,Emissions,CO2e (t) GWP-AR2,Goa,Waste,,0.0,0.0,0.0,0.0,0.0,0.0,0.0,0.0,0.0,0.0,0.0
Waste,Industrial Wastewater,Petroleum,,,,,Emissions,CO2e (t) GWP-AR2,Gujarat,Waste,,0.0,0.0,0.0,0.0,0.0,0.0,0.0,0.0,0.0,0.0,0.0
Waste,Industrial Wastewater,Petroleum,,,,,Emissions,CO2e (t) GWP-AR2,Haryana,Waste,,0.0,0.0,0.0,0.0,0.0,0.0,0.0,0.0,0.0,0.0,0.0
Waste,Industrial Wastewater,Petroleum,,,,,Emissions,CO2e (t) GWP-AR2,Himachal Pradesh,Waste,,0.0,0.0,0.0,0.0,0.0,0.0,0.0,0.0,0.0,0.0,0.0
Waste,Industrial Wastewater,Petroleum,,,,,Emissions,CO2e (t) GWP-AR2,Jammu & Kashmir,Waste,,0.0,0.0,0.0,0.0,0.0,0.0,0.0,0.0,0.0,0.0,0.0
Waste,Industrial Wastewater,Petroleum,,,,,Emissions,CO2e (t) GWP-AR2,Jharkhand,Waste,,0.0,0.0,0.0,0.0,0.0,0.0,0.0,0.0,0.0,0.0,0.0
Waste,Industrial Wastewater,Petroleum,,,,,Emissions,CO2e (t) GWP-AR2,Karnataka,Waste,,0.0,0.0,0.0,0.0,0.0,0.0,0.0,0.0,0.0,0.0,0.0
Waste,Industrial Wastewater,Petroleum,,,,,Emissions,CO2e (t) GWP-AR2,Kerala,Waste,,0.0,0.0,0.0,0.0,0.0,0.0,0.0,0.0,0.0,0.0,0.0
Waste,Industrial Wastewater,Petroleum,,,,,Emissions,CO2e (t) GWP-AR2,Lakshadweep,Waste,,0.0,0.0,0.0,0.0,0.0,0.0,0.0,0.0,0.0,0.0,0.0
Waste,Industrial Wastewater,Petroleum,,,,,Emissions,CO2e (t) GWP-AR2,Madhya Pradesh,Waste,,0.0,0.0,0.0,0.0,0.0,0.0,0.0,0.0,0.0,0.0,0.0
Waste,Industrial Wastewater,Petroleum,,,,,Emissions,CO2e (t) GWP-AR2,Maharashtra,Waste,,0.0,0.0,0.0,0.0,0.0,0.0,0.0,0.0,0.0,0.0,0.0
Waste,Industrial Wastewater,Petroleum,,,,,Emissions,CO2e (t) GWP-AR2,Manipur,Waste,,0.0,0.0,0.0,0.0,0.0,0.0,0.0,0.0,0.0,0.0,0.0
Waste,Industrial Wastewater,Petroleum,,,,,Emissions,CO2e (t) GWP-AR2,Meghalaya,Waste,,0.0,0.0,0.0,0.0,0.0,0.0,0.0,0.0,0.0,0.0,0.0
Waste,Industrial Wastewater,Petroleum,,,,,Emissions,CO2e (t) GWP-AR2,Mizoram,Waste,,0.0,0.0,0.0,0.0,0.0,0.0,0.0,0.0,0.0,0.0,0.0
Waste,Industrial Wastewater,Petroleum,,,,,Emissions,CO2e (t) GWP-AR2,Nagaland,Waste,,0.0,0.0,0.0,0.0,0.0,0.0,0.0,0.0,0.0,0.0,0.0
Waste,Industrial Wastewater,Petroleum,,,,,Emissions,CO2e (t) GWP-AR2,Odisha,Waste,,0.0,0.0,0.0,0.0,0.0,0.0,0.0,0.0,0.0,0.0,0.0
Waste,Industrial Wastewater,Petroleum,,,,,Emissions,CO2e (t) GWP-AR2,Puducherry,Waste,,0.0,0.0,0.0,0.0,0.0,0.0,0.0,0.0,0.0,0.0,0.0
Waste,Industrial Wastewater,Petroleum,,,,,Emissions,CO2e (t) GWP-AR2,Punjab,Waste,,0.0,0.0,0.0,0.0,0.0,0.0,0.0,0.0,0.0,0.0,0.0
Waste,Industrial Wastewater,Petroleum,,,,,Emissions,CO2e (t) GWP-AR2,Rajasthan,Waste,,0.0,0.0,0.0,0.0,0.0,0.0,0.0,0.0,0.0,0.0,0.0
Waste,Industrial Wastewater,Petroleum,,,,,Emissions,CO2e (t) GWP-AR2,Sikkim,Waste,,0.0,0.0,0.0,0.0,0.0,0.0,0.0,0.0,0.0,0.0,0.0
Waste,Industrial Wastewater,Petroleum,,,,,Emissions,CO2e (t) GWP-AR2,Tamil Nadu,Waste,,0.0,0.0,0.0,0.0,0.0,0.0,0.0,0.0,0.0,0.0,0.0
Waste,Industrial Wastewater,Petroleum,,,,,Emissions,CO2e (t) GWP-AR2,Telangana,Waste,,0.0,0.0,0.0,0.0,0.0,0.0,0.0,0.0,0.0,0.0,0.0
Waste,Industrial Wastewater,Petroleum,,,,,Emissions,CO2e (t) GWP-AR2,Tripura,Waste,,0.0,0.0,0.0,0.0,0.0,0.0,0.0,0.0,0.0,0.0,0.0
Waste,Industrial Wastewater,Petroleum,,,,,Emissions,CO2e (t) GWP-AR2,Uttar Pradesh,Waste,,0.0,0.0,0.0,0.0,0.0,0.0,0.0,0.0,0.0,0.0,0.0
Waste,Industrial Wastewater,Petroleum,,,,,Emissions,CO2e (t) GWP-AR2,Uttarakhand,Waste,,0.0,0.0,0.0,0.0,0.0,0.0,0.0,0.0,0.0,0.0,0.0
Waste,Industrial Wastewater,Petroleum,,,,,Emissions,CO2e (t) GWP-AR2,West Bengal,Waste,,0.0,0.0,0.0,0.0,0.0,0.0,0.0,0.0,0.0,0.0,0.0
Waste,Industrial Wastewater,Dairy,,,,,Emissions,CO2e (t) GWP-AR2,Andaman & Nicobar Islands,Waste,,-0.0,-0.0,-0.0,-0.0,-0.0,-0.0,-0.0,-0.0,-0.0,-0.0,-0.0
Waste,Industrial Wastewater,Dairy,,,,,Emissions,CO2e (t) GWP-AR2,Andhra Pradesh,Waste,,117985.6,124472.04,131050.7,136645.64,141840.94,148112.19,155397.91,161423.23,167694.48,137917.52,133459.67
Waste,Industrial Wastewater,Dairy,,,,,Emissions,CO2e (t) GWP-AR2,Arunachal Pradesh,Waste,,-0.0,-0.0,-0.0,-0.0,-0.0,-0.0,-0.0,-0.0,-0.0,-0.0,-0.0
Waste,Industrial Wastewater,Dairy,,,,,Emissions,CO2e (t) GWP-AR2,Assam,Waste,,-0.0,-0.0,-0.0,-0.0,-0.0,-0.0,-0.0,-0.0,-0.0,-0.0,-0.0
Waste,Industrial Wastewater,Dairy,,,,,Emissions,CO2e (t) GWP-AR2,Bihar,Waste,,16547.77,17457.51,18380.18,19164.89,19893.54,20773.1,21794.94,22640.0,23519.56,24860.46,26421.24
Waste,Industrial Wastewater,Dairy,,,,,Emissions,CO2e (t) GWP-AR2,Chandigarh,Waste,,-0.0,-0.0,-0.0,-0.0,-0.0,-0.0,-0.0,-0.0,-0.0,-0.0,-0.0
Waste,Industrial Wastewater,Dairy,,,,,Emissions,CO2e (t) GWP-AR2,Chhattisgarh,Waste,,1504.34,1587.05,1670.93,1742.26,1808.5,1888.46,1981.36,2058.18,2138.14,2260.04,2401.93
Waste,Industrial Wastewater,Dairy,,,,,Emissions,CO2e (t) GWP-AR2,Daman & Diu,Waste,,-0.0,-0.0,-0.0,-0.0,-0.0,-0.0,-0.0,-0.0,-0.0,-0.0,-0.0
Waste,Industrial Wastewater,Dairy,,,,,Emissions,CO2e (t) GWP-AR2,Dadra & Nagar Haveli,Waste,,-0.0,-0.0,-0.0,-0.0,-0.0,-0.0,-0.0,-0.0,-0.0,-0.0,-0.0
Waste,Industrial Wastewater,Dairy,,,,,Emissions,CO2e (t) GWP-AR2,Delhi,Waste,,60173.71,63481.85,66837.03,69690.5,72340.15,75538.54,79254.32,82327.29,85525.68,90401.67,96077.25
Waste,Industrial Wastewater,Dairy,,,,,Emissions,CO2e (t) GWP-AR2,Goa,Waste,,4513.03,4761.14,5012.78,5226.79,5425.51,5665.39,5944.07,6174.55,6414.43,6780.12,7205.79
Waste,Industrial Wastewater,Dairy,,,,,Emissions,CO2e (t) GWP-AR2,Gujarat,Waste,,217783.69,229756.68,241899.91,252227.33,261817.08,273392.86,286841.2,297963.04,309538.83,327186.23,347727.58
Waste,Industrial Wastewater,Dairy,,,,,Emissions,CO2e (t) GWP-AR2,Haryana,Waste,,44332.98,46770.25,49242.18,51344.47,53296.6,55653.02,58390.62,60654.63,63011.05,66603.43,70784.91
Waste,Industrial Wastewater,Dairy,,,,,Emissions,CO2e (t) GWP-AR2,Himachal Pradesh,Waste,,9101.27,9601.63,10109.1,10540.69,10941.45,11425.2,11987.22,12452.0,12935.76,13673.25,14531.68
Waste,Industrial Wastewater,Dairy,,,,,Emissions,CO2e (t) GWP-AR2,Jammu & Kashmir,Waste,,451.3,476.11,501.28,522.68,542.55,566.54,594.41,617.45,641.44,678.01,720.58
Waste,Industrial Wastewater,Dairy,,,,,Emissions,CO2e (t) GWP-AR2,Jharkhand,Waste,,-0.0,-0.0,-0.0,-0.0,-0.0,-0.0,-0.0,-0.0,-0.0,-0.0,-0.0
Waste,Industrial Wastewater,Dairy,,,,,Emissions,CO2e (t) GWP-AR2,Karnataka,Waste,,72328.8,76305.18,80338.11,83767.98,86952.86,90797.33,95263.69,98957.4,102801.87,108662.8,115484.85
Waste,Industrial Wastewater,Dairy,,,,,Emissions,CO2e (t) GWP-AR2,Kerala,Waste,,24001.79,25321.32,26659.62,27797.8,28854.68,30130.44,31612.57,32838.3,34114.06,36058.96,38322.81
Waste,Industrial Wastewater,Dairy,,,,,Emissions,CO2e (t) GWP-AR2,Lakshadweep,Waste,,-0.0,-0.0,-0.0,-0.0,-0.0,-0.0,-0.0,-0.0,-0.0,-0.0,-0.0
Waste,Industrial Wastewater,Dairy,,,,,Emissions,CO2e (t) GWP-AR2,Madhya Pradesh,Waste,,75405.18,79550.69,83755.15,87330.9,90651.25,94659.23,99315.57,103166.38,107174.37,113284.59,120396.8
Waste,Industrial Wastewater,Dairy,,,,,Emissions,CO2e (t) GWP-AR2,Maharashtra,Waste,,400034.8,422027.34,444332.56,463302.42,480917.29,502180.22,526882.73,547311.82,568574.74,600990.27,638721.54
Waste,Industrial Wastewater,Dairy,,,,,Emissions,CO2e (t) GWP-AR2,Manipur,Waste,,-0.0,-0.0,-0.0,-0.0,-0.0,-0.0,-0.0,-0.0,-0.0,-0.0,-0.0
Waste,Industrial Wastewater,Dairy,,,,,Emissions,CO2e (t) GWP-AR2,Meghalaya,Waste,,-0.0,-0.0,-0.0,-0.0,-0.0,-0.0,-0.0,-0.0,-0.0,-0.0,-0.0
Waste,Industrial Wastewater,Dairy,,,,,Emissions,CO2e (t) GWP-AR2,Mizoram,Waste,,-0.0,-0.0,-0.0,-0.0,-0.0,-0.0,-0.0,-0.0,-0.0,-0.0,-0.0
Waste,Industrial Wastewater,Dairy,,,,,Emissions,CO2e (t) GWP-AR2,Nagaland,Waste,,-0.0,-0.0,-0.0,-0.0,-0.0,-0.0,-0.0,-0.0,-0.0,-0.0,-0.0
Waste,Industrial Wastewater,Dairy,,,,,Emissions,CO2e (t) GWP-AR2,Odisha,Waste,,8995.97,9490.54,9992.14,10418.73,10814.85,11293.01,11848.52,12307.93,12786.09,13515.05,14363.55
Waste,Industrial Wastewater,Dairy,,,,,Emissions,CO2e (t) GWP-AR2,Puducherry,Waste,,752.17,793.52,835.46,871.13,904.25,944.23,990.68,1029.09,1069.07,1130.02,1200.97
Waste,Industrial Wastewater,Dairy,,,,,Emissions,CO2e (t) GWP-AR2,Punjab,Waste,,125597.57,132502.49,139505.59,145461.49,150991.97,157667.82,165423.58,171837.63,178513.48,188690.88,200537.23
Waste,Industrial Wastewater,Dairy,,,,,Emissions,CO2e (t) GWP-AR2,Rajasthan,Waste,,86966.05,91747.14,96596.21,100720.19,104549.6,109172.08,114542.31,118983.51,123605.99,130653.01,138855.64
Waste,Industrial Wastewater,Dairy,,,,,Emissions,CO2e (t) GWP-AR2,Sikkim,Waste,,376.09,396.76,417.73,435.57,452.13,472.12,495.34,514.55,534.54,565.01,600.48
Waste,Industrial Wastewater,Dairy,,,,,Emissions,CO2e (t) GWP-AR2,Tamil Nadu,Waste,,140189.69,147896.84,155713.56,162361.43,168534.46,175985.91,184642.76,191802.0,199253.46,210613.28,223835.97
Waste,Industrial Wastewater,Dairy,,,,,Emissions,CO2e (t) GWP-AR2,Telangana,Waste,,-0.0,-0.0,-0.0,-0.0,-0.0,-0.0,-0.0,-0.0,-0.0,39337.55,54923.79
Waste,Industrial Wastewater,Dairy,,,,,Emissions,CO2e (t) GWP-AR2,Tripura,Waste,,150.43,158.7,167.09,174.23,180.85,188.85,198.14,205.82,213.81,226.0,240.19
Waste,Industrial Wastewater,Dairy,,,,,Emissions,CO2e (t) GWP-AR2,Uttar Pradesh,Waste,,376762.62,397475.73,418483.34,436349.62,452939.74,472965.69,496231.12,515471.74,535497.68,566027.43,601563.66
Waste,Industrial Wastewater,Dairy,,,,,Emissions,CO2e (t) GWP-AR2,Uttarakhand,Waste,,-0.0,-0.0,-0.0,-0.0,-0.0,-0.0,-0.0,-0.0,-0.0,-0.0,-0.0
Waste,Industrial Wastewater,Dairy,,,,,Emissions,CO2e (t) GWP-AR2,West Bengal,Waste,,29500.16,31121.98,32766.85,34165.77,35464.76,37032.77,38854.43,40360.95,41928.97,44319.42,47101.87
Waste,Industrial Wastewater,Meat,,,,,Emissions,CO2e (t) GWP-AR2,Andaman & Nicobar Islands,Waste,,85.99,73.71,73.71,73.71,92.14,98.28,100.12,113.63,342.75,981.57,1195.33
Waste,Industrial Wastewater,Meat,,,,,Emissions,CO2e (t) GWP-AR2,Andhra Pradesh,Waste,,111916.35,117260.32,132186.6,145454.4,162223.42,179361.0,197660.73,217587.62,227916.23,154655.25,136763.99
Waste,Industrial Wastewater,Meat,,,,,Emissions,CO2e (t) GWP-AR2,Arunachal Pradesh,Waste,,4176.9,5098.27,4975.42,4914.0,5098.27,5159.7,4822.48,4428.13,4407.86,4557.73,4721.12
Waste,Industrial Wastewater,Meat,,,,,Emissions,CO2e (t) GWP-AR2,Assam,Waste,,6511.05,7002.45,7309.57,7555.27,7800.97,8230.95,8390.65,8845.2,9305.89,10199.01,10863.62
Waste,Industrial Wastewater,Meat,,,,,Emissions,CO2e (t) GWP-AR2,Bihar,Waste,,43181.77,43611.75,48341.47,50982.75,53009.77,54483.97,55671.93,56057.68,67881.99,72190.96,73682.36
Waste,Industrial Wastewater,Meat,,,,,Emissions,CO2e (t) GWP-AR2,Chandigarh,Waste,,245.7,245.7,245.7,245.7,245.7,245.7,232.8,219.29,221.74,242.01,242.63
Waste,Industrial Wastewater,Meat,,,,,Emissions,CO2e (t) GWP-AR2,Chhattisgarh,Waste,,982.8,982.8,3562.65,4791.15,5835.37,6511.05,7109.33,8074.93,7453.92,8738.32,9941.63
Waste,Industrial Wastewater,Meat,,,,,Emissions,CO2e (t) GWP-AR2,Daman & Diu,Waste,,-0.0,-0.0,-0.0,18.43,24.57,24.57,22.73,22.11,22.11,164.0,148.65
Waste,Industrial Wastewater,Meat,,,,,Emissions,CO2e (t) GWP-AR2,Dadra & Nagar Haveli,Waste,,14.13,-0.0,55.28,55.28,49.14,49.14,50.98,51.6,90.29,25.8,-0.0
Waste,Industrial Wastewater,Meat,,,,,Emissions,CO2e (t) GWP-AR2,Delhi,Waste,,7616.7,7985.25,7923.82,6756.75,6388.2,9336.6,10872.22,17673.81,19173.81,17602.56,17153.54
Waste,Industrial Wastewater,Meat,,,,,Emissions,CO2e (t) GWP-AR2,Goa,Waste,,-0.0,368.55,1044.22,1412.77,1474.2,1658.47,2287.47,2146.8,1452.7,1761.05,1934.27
Waste,Industrial Wastewater,Meat,,,,,Emissions,CO2e (t) GWP-AR2,Gujarat,Waste,,4115.47,4422.6,4238.32,4545.45,5036.85,5343.97,7852.57,8524.56,8233.41,8305.27,8341.51
Waste,Industrial Wastewater,Meat,,,,,Emissions,CO2e (t) GWP-AR2,Haryana,Waste,,1842.75,1904.17,36222.32,54293.56,58538.02,73587.15,81684.19,84752.37,88909.0,92801.5,97653.46
Waste,Industrial Wastewater,Meat,,,,,Emissions,CO2e (t) GWP-AR2,Himachal Pradesh,Waste,,737.1,737.1,921.37,982.8,982.8,798.52,915.85,980.96,980.96,982.18,984.64
Waste,Industrial Wastewater,Meat,,,,,Emissions,CO2e (t) GWP-AR2,Jammu & Kashmir,Waste,,4975.42,6633.9,6818.17,6879.6,7248.15,7555.27,7883.9,8271.49,8179.35,10313.87,16597.03
Waste,Industrial Wastewater,Meat,,,,,Emissions,CO2e (t) GWP-AR2,Jharkhand,Waste,,10565.1,10749.37,11363.62,11547.9,11547.9,10995.07,11168.29,11025.79,11109.94,11607.48,12283.16
Waste,Industrial Wastewater,Meat,,,,,Emissions,CO2e (t) GWP-AR2,Karnataka,Waste,,12.28,55.28,73.71,73.71,92.14,98.28,101.96,95.82,104.42,33465.57,47374.64
Waste,Industrial Wastewater,Meat,,,,,Emissions,CO2e (t) GWP-AR2,Kerala,Waste,,24508.57,25859.92,26842.72,27948.37,28992.6,30159.67,33337.8,39174.41,41503.03,92589.59,113264.63
Waste,Industrial Wastewater,Meat,,,,,Emissions,CO2e (t) GWP-AR2,Lakshadweep,Waste,,15663.37,17444.7,28255.5,30712.5,29361.15,30098.25,86038.61,100033.07,101300.27,25635.72,136.98
Waste,Industrial Wastewater,Meat,,,,,Emissions,CO2e (t) GWP-AR2,Madhya Pradesh,Waste,,4484.02,4852.57,7862.4,8476.65,8722.35,9213.75,9592.74,10323.08,11418.91,13780.08,16485.24
Waste,Industrial Wastewater,Meat,,,,,Emissions,CO2e (t) GWP-AR2,Maharashtra,Waste,,57616.65,59275.12,111670.65,131019.52,133353.67,137223.45,142320.5,144760.3,147700.71,153346.9,163139.88
Waste,Industrial Wastewater,Meat,,,,,Emissions,CO2e (t) GWP-AR2,Manipur,Waste,,5651.1,5651.1,5761.66,5706.38,5841.52,5896.8,5976.04,6111.17,6145.57,6430.58,6472.35
Waste,Industrial Wastewater,Meat,,,,,Emissions,CO2e (t) GWP-AR2,Meghalaya,Waste,,9029.47,8906.62,9029.47,9090.9,9090.9,9275.17,9380.82,9447.16,9799.74,10092.13,10117.31
Waste,Industrial Wastewater,Meat,,,,,Emissions,CO2e (t) GWP-AR2,Mizoram,Waste,,2211.3,2395.57,2641.27,3071.25,2641.27,2457.0,3039.31,3034.39,2988.32,3063.26,3268.42
Waste,Industrial Wastewater,Meat,,,,,Emissions,CO2e (t) GWP-AR2,Nagaland,Waste,,15356.25,15479.1,7923.82,12960.67,16031.92,16031.92,18347.65,17802.19,16773.94,16487.7,10735.25
Waste,Industrial Wastewater,Meat,,,,,Emissions,CO2e (t) GWP-AR2,Odisha,Waste,,12714.97,13329.22,23648.62,28501.2,30835.35,33292.35,33886.33,34425.03,36978.46,39386.94,40340.87
Waste,Industrial Wastewater,Meat,,,,,Emissions,CO2e (t) GWP-AR2,Puducherry,Waste,,1474.2,2088.45,2027.02,2149.87,2579.85,3071.25,3302.82,3418.3,3498.15,3512.28,3570.02
Waste,Industrial Wastewater,Meat,,,,,Emissions,CO2e (t) GWP-AR2,Punjab,Waste,,982.8,13144.95,24385.72,26597.02,33722.32,41277.6,44060.77,50195.89,56340.85,58085.94,60601.9
Waste,Industrial Wastewater,Meat,,,,,Emissions,CO2e (t) GWP-AR2,Rajasthan,Waste,,16461.9,16891.87,18980.32,20393.1,22113.0,25368.52,29094.56,35465.57,41547.25,44020.84,44249.34
Waste,Industrial Wastewater,Meat,,,,,Emissions,CO2e (t) GWP-AR2,Sikkim,Waste,,12530.7,4176.9,368.55,307.12,614.25,737.1,737.1,737.1,737.1,737.1,1260.44
Waste,Industrial Wastewater,Meat,,,,,Emissions,CO2e (t) GWP-AR2,Tamil Nadu,Waste,,27149.85,47850.07,92567.47,110565.0,120577.27,116707.5,113456.89,113475.32,113996.81,119182.93,130549.01
Waste,Industrial Wastewater,Meat,,,,,Emissions,CO2e (t) GWP-AR2,Telangana,Waste,,-0.0,-0.0,-0.0,-0.0,-0.0,-0.0,-0.0,-0.0,-0.0,93068.09,130908.96
Waste,Industrial Wastewater,Meat,,,,,Emissions,CO2e (t) GWP-AR2,Tripura,Waste,,2764.12,3132.67,3378.37,4361.17,5036.85,5528.25,6019.65,7393.73,7902.94,8294.83,8986.48
Waste,Industrial Wastewater,Meat,,,,,Emissions,CO2e (t) GWP-AR2,Uttar Pradesh,Waste,,48157.2,49017.15,140540.4,184090.72,194532.97,204852.37,227997.31,268190.76,294876.85,332482.47,347102.23
Waste,Industrial Wastewater,Meat,,,,,Emissions,CO2e (t) GWP-AR2,Uttarakhand,Waste,,1474.2,1658.47,2088.45,2395.57,2457.0,3194.1,3762.28,4942.25,5681.2,6248.76,51463.71
Waste,Industrial Wastewater,Meat,,,,,Emissions,CO2e (t) GWP-AR2,West Bengal,Waste,,118918.8,72112.95,107125.2,126105.52,131940.9,139741.87,148043.46,157010.28,159416.3,160963.6,166841.97
Waste,Industrial Wastewater,Pulp & Paper,,,,,Emissions,CO2e (t) GWP-AR2,Andaman & Nicobar Islands,Waste,,-0.0,-0.0,-0.0,-0.0,-0.0,-0.0,-0.0,-0.0,-0.0,-0.0,-0.0
Waste,Industrial Wastewater,Pulp & Paper,,,,,Emissions,CO2e (t) GWP-AR2,Andhra Pradesh,Waste,,1021707.17,1081541.95,1150576.54,1224017.6,1302146.38,1356173.11,1405130.33,1645188.26,1748840.47,1587826.58,1483914.95
Waste,Industrial Wastewater,Pulp & Paper,,,,,Emissions,CO2e (t) GWP-AR2,Arunachal Pradesh,Waste,,-0.0,-0.0,-0.0,-0.0,-0.0,-0.0,-0.0,-0.0,-0.0,-0.0,-0.0
Waste,Industrial Wastewater,Pulp & Paper,,,,,Emissions,CO2e (t) GWP-AR2,Assam,Waste,,162865.38,168839.0,179615.95,191080.8,203277.45,201867.72,211114.17,255059.81,290902.73,349612.15,367457.42
Waste,Industrial Wastewater,Pulp & Paper,,,,,Emissions,CO2e (t) GWP-AR2,Bihar,Waste,,-0.0,-0.0,-0.0,-0.0,-0.0,-0.0,-0.0,-0.0,-0.0,-0.0,-0.0
Waste,Industrial Wastewater,Pulp & Paper,,,,,Emissions,CO2e (t) GWP-AR2,Chandigarh,Waste,,-0.0,-0.0,-0.0,-0.0,-0.0,-0.0,-0.0,-0.0,-0.0,-0.0,-0.0
Waste,Industrial Wastewater,Pulp & Paper,,,,,Emissions,CO2e (t) GWP-AR2,Chhattisgarh,Waste,,26438.58,27615.25,29377.92,31253.11,33247.99,32246.9,33350.94,44333.51,47491.35,45736.52,39791.4
Waste,Industrial Wastewater,Pulp & Paper,,,,,Emissions,CO2e (t) GWP-AR2,Daman & Diu,Waste,,-0.0,-0.0,-0.0,-0.0,-0.0,-0.0,-0.0,-0.0,-0.0,-0.0,-0.0
Waste,Industrial Wastewater,Pulp & Paper,,,,,Emissions,CO2e (t) GWP-AR2,Dadra & Nagar Haveli,Waste,,-0.0,-0.0,-0.0,-0.0,-0.0,-0.0,-0.0,-0.0,-0.0,-0.0,-0.0
Waste,Industrial Wastewater,Pulp & Paper,,,,,Emissions,CO2e (t) GWP-AR2,Delhi,Waste,,-0.0,-0.0,-0.0,-0.0,-0.0,-0.0,-0.0,-0.0,-0.0,-0.0,-0.0
Waste,Industrial Wastewater,Pulp & Paper,,,,,Emissions,CO2e (t) GWP-AR2,Goa,Waste,,-0.0,-0.0,-0.0,-0.0,-0.0,-0.0,-0.0,-0.0,-0.0,-0.0,-0.0
Waste,Industrial Wastewater,Pulp & Paper,,,,,Emissions,CO2e (t) GWP-AR2,Gujarat,Waste,,1846815.3,1957843.56,2082812.3,2215757.77,2357189.11,2561326.89,2561829.89,2881418.13,3121022.68,3274243.45,3302659.68
Waste,Industrial Wastewater,Pulp & Paper,,,,,Emissions,CO2e (t) GWP-AR2,Haryana,Waste,,125066.66,136748.44,145477.06,154762.83,164641.31,186391.41,196631.58,200718.25,195212.51,192409.43,186876.65
Waste,Industrial Wastewater,Pulp & Paper,,,,,Emissions,CO2e (t) GWP-AR2,Himachal Pradesh,Waste,,108179.51,116835.84,124293.44,132227.07,140667.09,154166.11,165935.48,170988.5,173713.13,180101.23,176526.23
Waste,Industrial Wastewater,Pulp & Paper,,,,,Emissions,CO2e (t) GWP-AR2,Jammu & Kashmir,Waste,,23114.98,25062.64,26662.38,28364.24,30174.72,33105.52,36049.86,36756.72,36756.72,37817.01,36580.0
Waste,Industrial Wastewater,Pulp & Paper,,,,,Emissions,CO2e (t) GWP-AR2,Jharkhand,Waste,,-0.0,-0.0,-0.0,-0.0,-0.0,-0.0,-0.0,-0.0,-0.0,-0.0,-0.0
Waste,Industrial Wastewater,Pulp & Paper,,,,,Emissions,CO2e (t) GWP-AR2,Karnataka,Waste,,473790.47,509290.11,541797.99,576380.84,613171.1,644444.97,714509.35,765827.38,775899.07,768119.86,788858.44
Waste,Industrial Wastewater,Pulp & Paper,,,,,Emissions,CO2e (t) GWP-AR2,Kerala,Waste,,164544.78,178420.26,189808.78,201924.24,214813.02,244745.93,250477.18,258232.82,261490.81,263025.55,244875.58
Waste,Industrial Wastewater,Pulp & Paper,,,,,Emissions,CO2e (t) GWP-AR2,Lakshadweep,Waste,,-0.0,-0.0,-0.0,-0.0,-0.0,-0.0,-0.0,-0.0,-0.0,-0.0,-0.0
Waste,Industrial Wastewater,Pulp & Paper,,,,,Emissions,CO2e (t) GWP-AR2,Madhya Pradesh,Waste,,141424.07,152016.86,161720.07,172042.63,183024.07,197564.21,211024.48,225579.37,231053.52,436123.52,529008.4
Waste,Industrial Wastewater,Pulp & Paper,,,,,Emissions,CO2e (t) GWP-AR2,Maharashtra,Waste,,939736.18,1013168.5,1077838.83,1146637.05,1219826.65,1331833.18,1422473.9,1491758.77,1519729.64,1656924.55,1718646.55
Waste,Industrial Wastewater,Pulp & Paper,,,,,Emissions,CO2e (t) GWP-AR2,Manipur,Waste,,-0.0,-0.0,-0.0,-0.0,-0.0,-0.0,-0.0,-0.0,-0.0,-0.0,-0.0
Waste,Industrial Wastewater,Pulp & Paper,,,,,Emissions,CO2e (t) GWP-AR2,Meghalaya,Waste,,-0.0,-0.0,-0.0,-0.0,-0.0,-0.0,-0.0,-0.0,-0.0,-0.0,-0.0
Waste,Industrial Wastewater,Pulp & Paper,,,,,Emissions,CO2e (t) GWP-AR2,Mizoram,Waste,,-0.0,-0.0,-0.0,-0.0,-0.0,-0.0,-0.0,-0.0,-0.0,-0.0,-0.0
Waste,Industrial Wastewater,Pulp & Paper,,,,,Emissions,CO2e (t) GWP-AR2,Nagaland,Waste,,-0.0,-0.0,-0.0,-0.0,-0.0,-0.0,-0.0,-0.0,-0.0,-0.0,-0.0
Waste,Industrial Wastewater,Pulp & Paper,,,,,Emissions,CO2e (t) GWP-AR2,Odisha,Waste,,263760.14,285032.2,303225.74,322580.58,343170.83,382670.29,406714.66,410503.59,420788.13,490522.01,617244.61
Waste,Industrial Wastewater,Pulp & Paper,,,,,Emissions,CO2e (t) GWP-AR2,Puducherry,Waste,,-0.0,-0.0,-0.0,-0.0,-0.0,-0.0,-0.0,-0.0,-0.0,-0.0,-0.0
Waste,Industrial Wastewater,Pulp & Paper,,,,,Emissions,CO2e (t) GWP-AR2,Punjab,Waste,,836602.66,889263.52,946025.02,1006409.6,1070648.51,1155731.08,1233506.27,1273200.55,1385801.8,1413001.94,1330604.68
Waste,Industrial Wastewater,Pulp & Paper,,,,,Emissions,CO2e (t) GWP-AR2,Rajasthan,Waste,,46080.11,45319.58,48212.32,51289.71,54563.52,52284.12,56548.8,58315.95,87232.95,107474.85,110810.34
Waste,Industrial Wastewater,Pulp & Paper,,,,,Emissions,CO2e (t) GWP-AR2,Sikkim,Waste,,-0.0,-0.0,-0.0,-0.0,-0.0,-0.0,-0.0,-0.0,-0.0,-0.0,-0.0
Waste,Industrial Wastewater,Pulp & Paper,,,,,Emissions,CO2e (t) GWP-AR2,Tamil Nadu,Waste,,1164534.53,1221038.28,1298976.89,1381890.31,1470096.07,1576289.29,1589153.27,1758320.42,2001583.45,2167948.71,2247013.89
Waste,Industrial Wastewater,Pulp & Paper,,,,,Emissions,CO2e (t) GWP-AR2,Telangana,Waste,,-0.0,-0.0,-0.0,-0.0,-0.0,-0.0,-0.0,-0.0,-0.0,222353.25,309215.37
Waste,Industrial Wastewater,Pulp & Paper,,,,,Emissions,CO2e (t) GWP-AR2,Tripura,Waste,,-0.0,-0.0,-0.0,-0.0,-0.0,-0.0,-0.0,-0.0,-0.0,-0.0,-0.0
Waste,Industrial Wastewater,Pulp & Paper,,,,,Emissions,CO2e (t) GWP-AR2,Uttar Pradesh,Waste,,1700367.86,1794736.85,1909294.52,2031164.38,2160813.17,2315547.48,2370398.9,2616347.92,2888486.26,2993427.01,3083976.51
Waste,Industrial Wastewater,Pulp & Paper,,,,,Emissions,CO2e (t) GWP-AR2,Uttarakhand,Waste,,890384.93,970905.17,1032877.84,1098806.21,1168942.78,1291821.8,1386832.47,1448569.38,1406567.26,1466761.95,1531577.78
Waste,Industrial Wastewater,Pulp & Paper,,,,,Emissions,CO2e (t) GWP-AR2,West Bengal,Waste,,433300.66,456868.8,486030.64,517053.87,550057.31,409950.68,687829.54,761629.66,753556.57,765130.7,730640.19
Waste,Industrial Wastewater,Rubber,,,,,Emissions,CO2e (t) GWP-AR2,Andaman & Nicobar Islands,Waste,,0.0,0.0,0.0,0.0,0.0,0.0,0.0,0.0,0.0,0.0,0.0
Waste,Industrial Wastewater,Rubber,,,,,Emissions,CO2e (t) GWP-AR2,Andhra Pradesh,Waste,,0.0,0.0,0.0,0.0,0.0,0.0,0.0,0.0,0.0,0.0,0.0
Waste,Industrial Wastewater,Rubber,,,,,Emissions,CO2e (t) GWP-AR2,Arunachal Pradesh,Waste,,0.0,0.0,0.0,0.0,0.0,0.0,0.0,0.0,0.0,0.0,0.0
Waste,Industrial Wastewater,Rubber,,,,,Emissions,CO2e (t) GWP-AR2,Assam,Waste,,0.0,0.0,0.0,0.0,0.0,0.0,0.0,0.0,0.0,0.0,0.0
Waste,Industrial Wastewater,Rubber,,,,,Emissions,CO2e (t) GWP-AR2,Bihar,Waste,,0.0,0.0,0.0,0.0,0.0,0.0,0.0,0.0,0.0,0.0,0.0
Waste,Industrial Wastewater,Rubber,,,,,Emissions,CO2e (t) GWP-AR2,Chandigarh,Waste,,0.0,0.0,0.0,0.0,0.0,0.0,0.0,0.0,0.0,0.0,0.0
Waste,Industrial Wastewater,Rubber,,,,,Emissions,CO2e (t) GWP-AR2,Chhattisgarh,Waste,,0.0,0.0,0.0,0.0,0.0,0.0,0.0,0.0,0.0,0.0,0.0
Waste,Industrial Wastewater,Rubber,,,,,Emissions,CO2e (t) GWP-AR2,Daman & Diu,Waste,,0.0,0.0,0.0,0.0,0.0,0.0,0.0,0.0,0.0,0.0,0.0
Waste,Industrial Wastewater,Rubber,,,,,Emissions,CO2e (t) GWP-AR2,Dadra & Nagar Haveli,Waste,,0.0,0.0,0.0,0.0,0.0,0.0,0.0,0.0,0.0,0.0,0.0
Waste,Industrial Wastewater,Rubber,,,,,Emissions,CO2e (t) GWP-AR2,Delhi,Waste,,0.0,0.0,0.0,0.0,0.0,0.0,0.0,0.0,0.0,0.0,0.0
Waste,Industrial Wastewater,Rubber,,,,,Emissions,CO2e (t) GWP-AR2,Goa,Waste,,0.0,0.0,0.0,0.0,0.0,0.0,0.0,0.0,0.0,0.0,0.0
Waste,Industrial Wastewater,Rubber,,,,,Emissions,CO2e (t) GWP-AR2,Gujarat,Waste,,0.0,0.0,0.0,0.0,0.0,0.0,0.0,0.0,0.0,0.0,0.0
Waste,Industrial Wastewater,Rubber,,,,,Emissions,CO2e (t) GWP-AR2,Haryana,Waste,,0.0,0.0,0.0,0.0,0.0,0.0,0.0,0.0,0.0,0.0,0.0
Waste,Industrial Wastewater,Rubber,,,,,Emissions,CO2e (t) GWP-AR2,Himachal Pradesh,Waste,,0.0,0.0,0.0,0.0,0.0,0.0,0.0,0.0,0.0,0.0,0.0
Waste,Industrial Wastewater,Rubber,,,,,Emissions,CO2e (t) GWP-AR2,Jammu & Kashmir,Waste,,0.0,0.0,0.0,0.0,0.0,0.0,0.0,0.0,0.0,0.0,0.0
Waste,Industrial Wastewater,Rubber,,,,,Emissions,CO2e (t) GWP-AR2,Jharkhand,Waste,,0.0,0.0,0.0,0.0,0.0,0.0,0.0,0.0,0.0,0.0,0.0
Waste,Industrial Wastewater,Rubber,,,,,Emissions,CO2e (t) GWP-AR2,Karnataka,Waste,,0.0,0.0,0.0,0.0,0.0,0.0,0.0,0.0,0.0,0.0,0.0
Waste,Industrial Wastewater,Rubber,,,,,Emissions,CO2e (t) GWP-AR2,Kerala,Waste,,0.0,0.0,0.0,0.0,0.0,0.0,0.0,0.0,0.0,0.0,0.0
Waste,Industrial Wastewater,Rubber,,,,,Emissions,CO2e (t) GWP-AR2,Lakshadweep,Waste,,0.0,0.0,0.0,0.0,0.0,0.0,0.0,0.0,0.0,0.0,0.0
Waste,Industrial Wastewater,Rubber,,,,,Emissions,CO2e (t) GWP-AR2,Madhya Pradesh,Waste,,0.0,0.0,0.0,0.0,0.0,0.0,0.0,0.0,0.0,0.0,0.0
Waste,Industrial Wastewater,Rubber,,,,,Emissions,CO2e (t) GWP-AR2,Maharashtra,Waste,,0.0,0.0,0.0,0.0,0.0,0.0,0.0,0.0,0.0,0.0,0.0
Waste,Industrial Wastewater,Rubber,,,,,Emissions,CO2e (t) GWP-AR2,Manipur,Waste,,0.0,0.0,0.0,0.0,0.0,0.0,0.0,0.0,0.0,0.0,0.0
Waste,Industrial Wastewater,Rubber,,,,,Emissions,CO2e (t) GWP-AR2,Meghalaya,Waste,,0.0,0.0,0.0,0.0,0.0,0.0,0.0,0.0,0.0,0.0,0.0
Waste,Industrial Wastewater,Rubber,,,,,Emissions,CO2e (t) GWP-AR2,Mizoram,Waste,,0.0,0.0,0.0,0.0,0.0,0.0,0.0,0.0,0.0,0.0,0.0
Waste,Industrial Wastewater,Rubber,,,,,Emissions,CO2e (t) GWP-AR2,Nagaland,Waste,,0.0,0.0,0.0,0.0,0.0,0.0,0.0,0.0,0.0,0.0,0.0
Waste,Industrial Wastewater,Rubber,,,,,Emissions,CO2e (t) GWP-AR2,Odisha,Waste,,0.0,0.0,0.0,0.0,0.0,0.0,0.0,0.0,0.0,0.0,0.0
Waste,Industrial Wastewater,Rubber,,,,,Emissions,CO2e (t) GWP-AR2,Puducherry,Waste,,0.0,0.0,0.0,0.0,0.0,0.0,0.0,0.0,0.0,0.0,0.0
Waste,Industrial Wastewater,Rubber,,,,,Emissions,CO2e (t) GWP-AR2,Punjab,Waste,,0.0,0.0,0.0,0.0,0.0,0.0,0.0,0.0,0.0,0.0,0.0
Waste,Industrial Wastewater,Rubber,,,,,Emissions,CO2e (t) GWP-AR2,Rajasthan,Waste,,0.0,0.0,0.0,0.0,0.0,0.0,0.0,0.0,0.0,0.0,0.0
Waste,Industrial Wastewater,Rubber,,,,,Emissions,CO2e (t) GWP-AR2,Sikkim,Waste,,0.0,0.0,0.0,0.0,0.0,0.0,0.0,0.0,0.0,0.0,0.0
Waste,Industrial Wastewater,Rubber,,,,,Emissions,CO2e (t) GWP-AR2,Tamil Nadu,Waste,,0.0,0.0,0.0,0.0,0.0,0.0,0.0,0.0,0.0,0.0,0.0
Waste,Industrial Wastewater,Rubber,,,,,Emissions,CO2e (t) GWP-AR2,Telangana,Waste,,0.0,0.0,0.0,0.0,0.0,0.0,0.0,0.0,0.0,0.0,0.0
Waste,Industrial Wastewater,Rubber,,,,,Emissions,CO2e (t) GWP-AR2,Tripura,Waste,,0.0,0.0,0.0,0.0,0.0,0.0,0.0,0.0,0.0,0.0,0.0
Waste,Industrial Wastewater,Rubber,,,,,Emissions,CO2e (t) GWP-AR2,Uttar Pradesh,Waste,,0.0,0.0,0.0,0.0,0.0,0.0,0.0,0.0,0.0,0.0,0.0
Waste,Industrial Wastewater,Rubber,,,,,Emissions,CO2e (t) GWP-AR2,Uttarakhand,Waste,,0.0,0.0,0.0,0.0,0.0,0.0,0.0,0.0,0.0,0.0,0.0
Waste,Industrial Wastewater,Rubber,,,,,Emissions,CO2e (t) GWP-AR2,West Bengal,Waste,,0.0,0.0,0.0,0.0,0.0,0.0,0.0,0.0,0.0,0.0,0.0
Waste,Industrial Wastewater,Tannery,,,,,Emissions,CO2e (t) GWP-AR2,Andaman & Nicobar Islands,Waste,,-0.0,-0.0,-0.0,-0.0,-0.0,-0.0,-0.0,-0.0,-0.0,-0.0,-0.0
Waste,Industrial Wastewater,Tannery,,,,,Emissions,CO2e (t) GWP-AR2,Andhra Pradesh,Waste,,288.09,294.03,300.08,306.43,312.48,319.01,321.36,325.3,347.69,368.32,354.33
Waste,Industrial Wastewater,Tannery,,,,,Emissions,CO2e (t) GWP-AR2,Arunachal Pradesh,Waste,,-0.0,-0.0,-0.0,-0.0,-0.0,-0.0,-0.0,-0.0,-0.0,-0.0,-0.0
Waste,Industrial Wastewater,Tannery,,,,,Emissions,CO2e (t) GWP-AR2,Assam,Waste,,-0.0,-0.0,-0.0,-0.0,-0.0,-0.0,-0.0,-0.0,-0.0,-0.0,-0.0
Waste,Industrial Wastewater,Tannery,,,,,Emissions,CO2e (t) GWP-AR2,Bihar,Waste,,343.63,350.71,357.93,365.5,372.72,380.5,383.3,388.0,414.71,439.31,422.63
Waste,Industrial Wastewater,Tannery,,,,,Emissions,CO2e (t) GWP-AR2,Chandigarh,Waste,,-0.0,-0.0,-0.0,-0.0,-0.0,-0.0,-0.0,-0.0,-0.0,-0.0,-0.0
Waste,Industrial Wastewater,Tannery,,,,,Emissions,CO2e (t) GWP-AR2,Chhattisgarh,Waste,,8.57,8.75,8.93,9.12,9.3,9.49,9.56,9.68,10.34,10.96,10.54
Waste,Industrial Wastewater,Tannery,,,,,Emissions,CO2e (t) GWP-AR2,Daman & Diu,Waste,,-0.0,-0.0,-0.0,-0.0,-0.0,-0.0,-0.0,-0.0,-0.0,-0.0,-0.0
Waste,Industrial Wastewater,Tannery,,,,,Emissions,CO2e (t) GWP-AR2,Dadra & Nagar Haveli,Waste,,-0.0,-0.0,-0.0,-0.0,-0.0,-0.0,-0.0,-0.0,-0.0,-0.0,-0.0
Waste,Industrial Wastewater,Tannery,,,,,Emissions,CO2e (t) GWP-AR2,Delhi,Waste,,-0.0,-0.0,-0.0,-0.0,-0.0,-0.0,-0.0,-0.0,-0.0,-0.0,-0.0
Waste,Industrial Wastewater,Tannery,,,,,Emissions,CO2e (t) GWP-AR2,Goa,Waste,,-0.0,-0.0,-0.0,-0.0,-0.0,-0.0,-0.0,-0.0,-0.0,-0.0,-0.0
Waste,Industrial Wastewater,Tannery,,,,,Emissions,CO2e (t) GWP-AR2,Gujarat,Waste,,369.72,377.33,385.1,393.25,401.01,409.39,412.4,417.46,446.19,472.67,454.71
Waste,Industrial Wastewater,Tannery,,,,,Emissions,CO2e (t) GWP-AR2,Haryana,Waste,,6972.42,7116.07,7262.58,7416.19,7562.7,7720.58,7777.47,7872.77,8414.69,8913.94,8575.42
Waste,Industrial Wastewater,Tannery,,,,,Emissions,CO2e (t) GWP-AR2,Himachal Pradesh,Waste,,1521.72,1553.07,1585.05,1618.58,1650.55,1685.01,1697.42,1718.22,1836.5,1945.46,1871.57
Waste,Industrial Wastewater,Tannery,,,,,Emissions,CO2e (t) GWP-AR2,Jammu & Kashmir,Waste,,-0.0,-0.0,-0.0,-0.0,-0.0,-0.0,-0.0,-0.0,-0.0,-0.0,-0.0
Waste,Industrial Wastewater,Tannery,,,,,Emissions,CO2e (t) GWP-AR2,Jharkhand,Waste,,-0.0,-0.0,-0.0,-0.0,-0.0,-0.0,-0.0,-0.0,-0.0,-0.0,-0.0
Waste,Industrial Wastewater,Tannery,,,,,Emissions,CO2e (t) GWP-AR2,Karnataka,Waste,,1562.35,1594.54,1627.36,1661.79,1694.61,1729.99,1742.74,1764.09,1885.52,1997.39,1921.54
Waste,Industrial Wastewater,Tannery,,,,,Emissions,CO2e (t) GWP-AR2,Kerala,Waste,,2703.17,2758.87,2815.67,2875.22,2932.02,2993.23,3015.29,3052.23,3262.33,3455.89,3324.65
Waste,Industrial Wastewater,Tannery,,,,,Emissions,CO2e (t) GWP-AR2,Lakshadweep,Waste,,-0.0,-0.0,-0.0,-0.0,-0.0,-0.0,-0.0,-0.0,-0.0,-0.0,-0.0
Waste,Industrial Wastewater,Tannery,,,,,Emissions,CO2e (t) GWP-AR2,Madhya Pradesh,Waste,,2519.43,2571.34,2624.28,2679.79,2732.73,2789.77,2810.33,2844.77,3040.59,3220.99,3098.66
Waste,Industrial Wastewater,Tannery,,,,,Emissions,CO2e (t) GWP-AR2,Maharashtra,Waste,,2529.87,2581.99,2635.15,2690.89,2744.04,2801.33,2821.97,2856.55,3053.18,3234.33,3111.5
Waste,Industrial Wastewater,Tannery,,,,,Emissions,CO2e (t) GWP-AR2,Manipur,Waste,,-0.0,-0.0,-0.0,-0.0,-0.0,-0.0,-0.0,-0.0,-0.0,-0.0,-0.0
Waste,Industrial Wastewater,Tannery,,,,,Emissions,CO2e (t) GWP-AR2,Meghalaya,Waste,,-0.0,-0.0,-0.0,-0.0,-0.0,-0.0,-0.0,-0.0,-0.0,-0.0,-0.0
Waste,Industrial Wastewater,Tannery,,,,,Emissions,CO2e (t) GWP-AR2,Mizoram,Waste,,-0.0,-0.0,-0.0,-0.0,-0.0,-0.0,-0.0,-0.0,-0.0,-0.0,-0.0
Waste,Industrial Wastewater,Tannery,,,,,Emissions,CO2e (t) GWP-AR2,Nagaland,Waste,,-0.0,-0.0,-0.0,-0.0,-0.0,-0.0,-0.0,-0.0,-0.0,-0.0,-0.0
Waste,Industrial Wastewater,Tannery,,,,,Emissions,CO2e (t) GWP-AR2,Odisha,Waste,,-0.0,-0.0,-0.0,-0.0,-0.0,-0.0,-0.0,-0.0,-0.0,-0.0,-0.0
Waste,Industrial Wastewater,Tannery,,,,,Emissions,CO2e (t) GWP-AR2,Puducherry,Waste,,-0.0,-0.0,-0.0,-0.0,-0.0,-0.0,-0.0,-0.0,-0.0,-0.0,-0.0
Waste,Industrial Wastewater,Tannery,,,,,Emissions,CO2e (t) GWP-AR2,Punjab,Waste,,1917.53,1957.03,1997.33,2039.57,2079.86,2123.28,2138.93,2165.14,2314.17,2451.48,2358.38
Waste,Industrial Wastewater,Tannery,,,,,Emissions,CO2e (t) GWP-AR2,Rajasthan,Waste,,1783.35,1820.1,1857.57,1896.86,1934.33,1974.71,1989.27,2013.64,2152.25,2279.94,2193.36
Waste,Industrial Wastewater,Tannery,,,,,Emissions,CO2e (t) GWP-AR2,Sikkim,Waste,,-0.0,-0.0,-0.0,-0.0,-0.0,-0.0,-0.0,-0.0,-0.0,-0.0,-0.0
Waste,Industrial Wastewater,Tannery,,,,,Emissions,CO2e (t) GWP-AR2,Tamil Nadu,Waste,,23277.54,23757.15,24246.25,24759.1,25248.2,25775.29,25965.24,26283.39,28092.6,29759.35,28629.19
Waste,Industrial Wastewater,Tannery,,,,,Emissions,CO2e (t) GWP-AR2,Telangana,Waste,,-0.0,-0.0,-0.0,-0.0,-0.0,-0.0,-0.0,-0.0,-0.0,-0.0,-0.0
Waste,Industrial Wastewater,Tannery,,,,,Emissions,CO2e (t) GWP-AR2,Tripura,Waste,,-0.0,-0.0,-0.0,-0.0,-0.0,-0.0,-0.0,-0.0,-0.0,-0.0,-0.0
Waste,Industrial Wastewater,Tannery,,,,,Emissions,CO2e (t) GWP-AR2,Uttar Pradesh,Waste,,22084.91,22539.94,23003.99,23490.56,23954.6,24454.69,24634.9,24936.75,26653.27,28234.62,27162.37
Waste,Industrial Wastewater,Tannery,,,,,Emissions,CO2e (t) GWP-AR2,Uttarakhand,Waste,,974.23,994.3,1014.77,1036.24,1056.71,1078.77,1086.72,1100.03,1175.75,1245.51,1198.21
Waste,Industrial Wastewater,Tannery,,,,,Emissions,CO2e (t) GWP-AR2,West Bengal,Waste,,12210.3,12461.88,12718.44,12987.46,13244.02,13520.5,13620.14,13787.03,14736.05,15610.35,15017.52
Waste,Industrial Wastewater,Fish processing,,,,,Emissions,CO2e (t) GWP-AR2,Andaman & Nicobar Islands,Waste,,0.0,0.0,0.0,0.0,0.0,0.0,0.0,0.0,0.0,0.0,0.0
Waste,Industrial Wastewater,Fish processing,,,,,Emissions,CO2e (t) GWP-AR2,Andhra Pradesh,Waste,,0.0,0.0,0.0,0.0,0.0,0.0,0.0,0.0,0.0,0.0,0.0
Waste,Industrial Wastewater,Fish processing,,,,,Emissions,CO2e (t) GWP-AR2,Arunachal Pradesh,Waste,,0.0,0.0,0.0,0.0,0.0,0.0,0.0,0.0,0.0,0.0,0.0
Waste,Industrial Wastewater,Fish processing,,,,,Emissions,CO2e (t) GWP-AR2,Assam,Waste,,0.0,0.0,0.0,0.0,0.0,0.0,0.0,0.0,0.0,0.0,0.0
Waste,Industrial Wastewater,Fish processing,,,,,Emissions,CO2e (t) GWP-AR2,Bihar,Waste,,0.0,0.0,0.0,0.0,0.0,0.0,0.0,0.0,0.0,0.0,0.0
Waste,Industrial Wastewater,Fish processing,,,,,Emissions,CO2e (t) GWP-AR2,Chandigarh,Waste,,0.0,0.0,0.0,0.0,0.0,0.0,0.0,0.0,0.0,0.0,0.0
Waste,Industrial Wastewater,Fish processing,,,,,Emissions,CO2e (t) GWP-AR2,Chhattisgarh,Waste,,0.0,0.0,0.0,0.0,0.0,0.0,0.0,0.0,0.0,0.0,0.0
Waste,Industrial Wastewater,Fish processing,,,,,Emissions,CO2e (t) GWP-AR2,Daman & Diu,Waste,,0.0,0.0,0.0,0.0,0.0,0.0,0.0,0.0,0.0,0.0,0.0
Waste,Industrial Wastewater,Fish processing,,,,,Emissions,CO2e (t) GWP-AR2,Dadra & Nagar Haveli,Waste,,0.0,0.0,0.0,0.0,0.0,0.0,0.0,0.0,0.0,0.0,0.0
Waste,Industrial Wastewater,Fish processing,,,,,Emissions,CO2e (t) GWP-AR2,Delhi,Waste,,0.0,0.0,0.0,0.0,0.0,0.0,0.0,0.0,0.0,0.0,0.0
Waste,Industrial Wastewater,Fish processing,,,,,Emissions,CO2e (t) GWP-AR2,Goa,Waste,,0.0,0.0,0.0,0.0,0.0,0.0,0.0,0.0,0.0,0.0,0.0
Waste,Industrial Wastewater,Fish processing,,,,,Emissions,CO2e (t) GWP-AR2,Gujarat,Waste,,0.0,0.0,0.0,0.0,0.0,0.0,0.0,0.0,0.0,0.0,0.0
Waste,Industrial Wastewater,Fish processing,,,,,Emissions,CO2e (t) GWP-AR2,Haryana,Waste,,0.0,0.0,0.0,0.0,0.0,0.0,0.0,0.0,0.0,0.0,0.0
Waste,Industrial Wastewater,Fish processing,,,,,Emissions,CO2e (t) GWP-AR2,Himachal Pradesh,Waste,,0.0,0.0,0.0,0.0,0.0,0.0,0.0,0.0,0.0,0.0,0.0
Waste,Industrial Wastewater,Fish processing,,,,,Emissions,CO2e (t) GWP-AR2,Jammu & Kashmir,Waste,,0.0,0.0,0.0,0.0,0.0,0.0,0.0,0.0,0.0,0.0,0.0
Waste,Industrial Wastewater,Fish processing,,,,,Emissions,CO2e (t) GWP-AR2,Jharkhand,Waste,,0.0,0.0,0.0,0.0,0.0,0.0,0.0,0.0,0.0,0.0,0.0
Waste,Industrial Wastewater,Fish processing,,,,,Emissions,CO2e (t) GWP-AR2,Karnataka,Waste,,0.0,0.0,0.0,0.0,0.0,0.0,0.0,0.0,0.0,0.0,0.0
Waste,Industrial Wastewater,Fish processing,,,,,Emissions,CO2e (t) GWP-AR2,Kerala,Waste,,0.0,0.0,0.0,0.0,0.0,0.0,0.0,0.0,0.0,0.0,0.0
Waste,Industrial Wastewater,Fish processing,,,,,Emissions,CO2e (t) GWP-AR2,Lakshadweep,Waste,,0.0,0.0,0.0,0.0,0.0,0.0,0.0,0.0,0.0,0.0,0.0
Waste,Industrial Wastewater,Fish processing,,,,,Emissions,CO2e (t) GWP-AR2,Madhya Pradesh,Waste,,0.0,0.0,0.0,0.0,0.0,0.0,0.0,0.0,0.0,0.0,0.0
Waste,Industrial Wastewater,Fish processing,,,,,Emissions,CO2e (t) GWP-AR2,Maharashtra,Waste,,0.0,0.0,0.0,0.0,0.0,0.0,0.0,0.0,0.0,0.0,0.0
Waste,Industrial Wastewater,Fish processing,,,,,Emissions,CO2e (t) GWP-AR2,Manipur,Waste,,0.0,0.0,0.0,0.0,0.0,0.0,0.0,0.0,0.0,0.0,0.0
Waste,Industrial Wastewater,Fish processing,,,,,Emissions,CO2e (t) GWP-AR2,Meghalaya,Waste,,0.0,0.0,0.0,0.0,0.0,0.0,0.0,0.0,0.0,0.0,0.0
Waste,Industrial Wastewater,Fish processing,,,,,Emissions,CO2e (t) GWP-AR2,Mizoram,Waste,,0.0,0.0,0.0,0.0,0.0,0.0,0.0,0.0,0.0,0.0,0.0
Waste,Industrial Wastewater,Fish processing,,,,,Emissions,CO2e (t) GWP-AR2,Nagaland,Waste,,0.0,0.0,0.0,0.0,0.0,0.0,0.0,0.0,0.0,0.0,0.0
Waste,Industrial Wastewater,Fish processing,,,,,Emissions,CO2e (t) GWP-AR2,Odisha,Waste,,0.0,0.0,0.0,0.0,0.0,0.0,0.0,0.0,0.0,0.0,0.0
Waste,Industrial Wastewater,Fish processing,,,,,Emissions,CO2e (t) GWP-AR2,Puducherry,Waste,,0.0,0.0,0.0,0.0,0.0,0.0,0.0,0.0,0.0,0.0,0.0
Waste,Industrial Wastewater,Fish processing,,,,,Emissions,CO2e (t) GWP-AR2,Punjab,Waste,,0.0,0.0,0.0,0.0,0.0,0.0,0.0,0.0,0.0,0.0,0.0
Waste,Industrial Wastewater,Fish processing,,,,,Emissions,CO2e (t) GWP-AR2,Rajasthan,Waste,,0.0,0.0,0.0,0.0,0.0,0.0,0.0,0.0,0.0,0.0,0.0
Waste,Industrial Wastewater,Fish processing,,,,,Emissions,CO2e (t) GWP-AR2,Sikkim,Waste,,0.0,0.0,0.0,0.0,0.0,0.0,0.0,0.0,0.0,0.0,0.0
Waste,Industrial Wastewater,Fish processing,,,,,Emissions,CO2e (t) GWP-AR2,Tamil Nadu,Waste,,0.0,0.0,0.0,0.0,0.0,0.0,0.0,0.0,0.0,0.0,0.0
Waste,Industrial Wastewater,Fish processing,,,,,Emissions,CO2e (t) GWP-AR2,Telangana,Waste,,0.0,0.0,0.0,0.0,0.0,0.0,0.0,0.0,0.0,0.0,0.0
Waste,Industrial Wastewater,Fish processing,,,,,Emissions,CO2e (t) GWP-AR2,Tripura,Waste,,0.0,0.0,0.0,0.0,0.0,0.0,0.0,0.0,0.0,0.0,0.0
Waste,Industrial Wastewater,Fish processing,,,,,Emissions,CO2e (t) GWP-AR2,Uttar Pradesh,Waste,,0.0,0.0,0.0,0.0,0.0,0.0,0.0,0.0,0.0,0.0,0.0
Waste,Industrial Wastewater,Fish processing,,,,,Emissions,CO2e (t) GWP-AR2,Uttarakhand,Waste,,0.0,0.0,0.0,0.0,0.0,0.0,0.0,0.0,0.0,0.0,0.0
Waste,Industrial Wastewater,Fish processing,,,,,Emissions,CO2e (t) GWP-AR2,West Bengal,Waste,,0.0,0.0,0.0,0.0,0.0,0.0,0.0,0.0,0.0,0.0,0.0
Waste,Domestic Wastewater,Urban,,,,,Emissions,CO2e (t) GWP-AR2,Andaman & Nicobar Islands,Waste,,9678.59,9770.21,9861.84,9953.46,10124.11,10217.29,14102.47,14239.38,14376.29,14513.19,14650.1
Waste,Domestic Wastewater,Urban,,,,,Emissions,CO2e (t) GWP-AR2,Andhra Pradesh,Waste,,1024561.22,1041560.96,1058560.71,1053166.71,1095895.09,1113385.83,1500306.92,1526603.25,1552899.58,889654.27,903947.25
Waste,Domestic Wastewater,Urban,,,,,Emissions,CO2e (t) GWP-AR2,Arunachal Pradesh,Waste,,14826.74,15239.73,15652.71,16065.69,13794.96,14127.75,21318.21,21932.94,22547.67,23162.4,23777.13
Waste,Domestic Wastewater,Urban,,,,,Emissions,CO2e (t) GWP-AR2,Assam,Waste,,212201.47,216077.05,219952.63,223828.22,227494.36,231365.17,268416.34,273632.16,278847.97,284063.79,289279.6
Waste,Domestic Wastewater,Urban,,,,,Emissions,CO2e (t) GWP-AR2,Bihar,Waste,,434534.71,445783.62,457032.52,468281.42,471902.45,482940.76,601081.72,618110.78,635139.84,652168.91,669197.97
Waste,Domestic Wastewater,Urban,,,,,Emissions,CO2e (t) GWP-AR2,Chandigarh,Waste,,70483.03,71737.12,72991.21,145191.31,147289.29,149626.5,227007.33,231059.47,235111.6,239163.74,243215.87
Waste,Domestic Wastewater,Urban,,,,,Emissions,CO2e (t) GWP-AR2,Chhattisgarh,Waste,,265845.64,272348.39,278851.14,285353.89,289283.74,299267.74,393355.74,403767.33,414178.93,424590.53,428631.41
Waste,Domestic Wastewater,Urban,,,,,Emissions,CO2e (t) GWP-AR2,Daman & Diu,Waste,,5379.49,5711.7,6043.92,6376.14,6715.25,7048.02,13457.37,14546.61,15635.85,16725.09,17814.34
Waste,Domestic Wastewater,Urban,,,,,Emissions,CO2e (t) GWP-AR2,Dadra & Nagar Haveli,Waste,,6474.97,6853.77,7232.56,7611.36,8215.95,8612.71,16689.64,17977.92,19266.2,20554.48,21842.76
Waste,Domestic Wastewater,Urban,,,,,Emissions,CO2e (t) GWP-AR2,Delhi,Waste,,729746.42,745033.99,760321.57,752515.8,736939.01,751127.72,960095.4,981817.72,1003540.05,1025262.37,1046984.69
Waste,Domestic Wastewater,Urban,,,,,Emissions,CO2e (t) GWP-AR2,Goa,Waste,,38591.03,39103.5,39615.98,40128.46,43069.52,43648.74,62432.14,63312.41,64192.68,65072.96,65953.23
Waste,Domestic Wastewater,Urban,,,,,Emissions,CO2e (t) GWP-AR2,Gujarat,Waste,,910954.48,931450.81,951947.14,939193.62,944255.03,963770.94,1532146.54,1567599.49,1603052.45,1638505.4,1673958.35
Waste,Domestic Wastewater,Urban,,,,,Emissions,CO2e (t) GWP-AR2,Haryana,Waste,,265352.57,272349.42,279346.26,271461.53,279334.41,286108.7,524422.57,538394.79,552367.01,566339.23,580311.44
Waste,Domestic Wastewater,Urban,,,,,Emissions,CO2e (t) GWP-AR2,Himachal Pradesh,Waste,,21831.19,22124.94,22418.68,22712.43,22822.73,26053.64,26899.15,27279.56,27659.96,28040.36,23104.55
Waste,Domestic Wastewater,Urban,,,,,Emissions,CO2e (t) GWP-AR2,Jammu & Kashmir,Waste,,119456.02,122482.05,125508.08,128534.11,132733.2,151274.18,186448.31,191554.38,196660.46,201766.53,185681.08
Waste,Domestic Wastewater,Urban,,,,,Emissions,CO2e (t) GWP-AR2,Jharkhand,Waste,,286405.77,293244.58,300083.39,306922.2,293945.73,300275.23,369594.0,379038.91,388483.83,397928.75,407373.66
Waste,Domestic Wastewater,Urban,,,,,Emissions,CO2e (t) GWP-AR2,Karnataka,Waste,,722923.69,737039.98,751156.26,751171.46,775447.94,789626.76,1083205.46,1105305.31,1127405.16,1149505.02,1171604.87
Waste,Domestic Wastewater,Urban,,,,,Emissions,CO2e (t) GWP-AR2,Kerala,Waste,,605821.77,618793.31,631764.84,644736.38,658604.15,671623.4,1064194.89,1090243.52,1116292.15,1142340.77,1168389.4
Waste,Domestic Wastewater,Urban,,,,,Emissions,CO2e (t) GWP-AR2,Lakshadweep,Waste,,2565.23,2618.67,2672.1,2725.54,2745.45,2797.17,5189.59,5292.26,5394.93,5497.6,5600.27
Waste,Domestic Wastewater,Urban,,,,,Emissions,CO2e (t) GWP-AR2,Madhya Pradesh,Waste,,799994.43,816190.02,832385.61,846893.64,855152.96,871150.0,1100654.05,1124665.59,1148677.12,1172688.66,1196700.2
Waste,Domestic Wastewater,Urban,,,,,Emissions,CO2e (t) GWP-AR2,Maharashtra,Waste,,2379953.3,2419562.85,2459172.4,2477829.37,2561544.91,2601735.97,2686938.21,2735546.09,2784153.97,2832761.85,2881369.74
Waste,Domestic Wastewater,Urban,,,,,Emissions,CO2e (t) GWP-AR2,Manipur,Waste,,26656.79,27198.66,27740.53,28282.4,27645.78,28148.77,49479.41,50394.64,51309.86,52225.08,53140.3
Waste,Domestic Wastewater,Urban,,,,,Emissions,CO2e (t) GWP-AR2,Meghalaya,Waste,,29249.96,30001.59,30753.21,31504.83,31134.01,31857.66,45070.74,46352.91,47635.08,48917.25,50199.42
Waste,Domestic Wastewater,Urban,,,,,Emissions,CO2e (t) GWP-AR2,Mizoram,Waste,,27911.67,28552.62,29193.58,29834.54,28927.15,29531.0,46894.07,48044.89,49195.7,50346.52,51497.34
Waste,Domestic Wastewater,Urban,,,,,Emissions,CO2e (t) GWP-AR2,Nagaland,Waste,,19357.37,19770.52,20183.67,20596.82,19022.26,19349.07,46575.77,47092.75,47609.72,48126.7,48643.68
Waste,Domestic Wastewater,Urban,,,,,Emissions,CO2e (t) GWP-AR2,Odisha,Waste,,319537.03,324712.1,329887.17,333588.01,338827.69,343985.76,420438.16,427565.51,434692.86,441820.21,448947.56
Waste,Domestic Wastewater,Urban,,,,,Emissions,CO2e (t) GWP-AR2,Puducherry,Waste,,46008.19,47195.34,48382.48,50118.03,53126.95,54372.44,60915.55,62671.23,64426.91,66182.59,67938.27
Waste,Domestic Wastewater,Urban,,,,,Emissions,CO2e (t) GWP-AR2,Punjab,Waste,,426630.39,433723.94,440817.49,468760.23,473635.5,480939.85,910919.81,925541.15,940162.48,954783.81,969405.14
Waste,Domestic Wastewater,Urban,,,,,Emissions,CO2e (t) GWP-AR2,Rajasthan,Waste,,705228.62,720570.37,735912.12,747652.63,755227.06,770320.71,984304.81,1007394.47,1030484.13,1053573.78,1076663.44
Waste,Domestic Wastewater,Urban,,,,,Emissions,CO2e (t) GWP-AR2,Sikkim,Waste,,4366.93,4525.3,4683.67,4842.04,5176.63,5347.24,9180.3,9582.81,9985.32,10387.82,10790.33
Waste,Domestic Wastewater,Urban,,,,,Emissions,CO2e (t) GWP-AR2,Tamil Nadu,Waste,,1496990.6,1522608.33,1548226.06,1557578.39,1613342.23,1639406.47,1872957.26,1907501.98,1942046.7,1976591.42,2011136.14
Waste,Domestic Wastewater,Urban,,,,,Emissions,CO2e (t) GWP-AR2,Telangana,Waste,,0.0,0.0,0.0,0.0,0.0,0.0,0.0,0.0,0.0,850410.22,866039.77
Waste,Domestic Wastewater,Urban,,,,,Emissions,CO2e (t) GWP-AR2,Tripura,Waste,,33488.6,34405.22,35321.84,36238.46,38488.78,39468.52,55814.36,57515.96,59217.56,60302.26,62003.87
Waste,Domestic Wastewater,Urban,,,,,Emissions,CO2e (t) GWP-AR2,Uttar Pradesh,Waste,,1714425.98,1750958.08,1787490.18,1839516.96,1802789.02,1837873.28,2604814.11,2663130.8,2721447.49,2779764.18,2838080.87
Waste,Domestic Wastewater,Urban,,,,,Emissions,CO2e (t) GWP-AR2,Uttarakhand,Waste,,118809.95,121557.8,124305.66,127053.51,125936.34,128567.21,178806.85,183233.62,187660.39,192087.15,196513.92
Waste,Domestic Wastewater,Urban,,,,,Emissions,CO2e (t) GWP-AR2,West Bengal,Waste,,1355952.97,1378368.09,1400783.21,1423170.11,1425890.63,1447832.49,1722782.06,1753054.86,1783327.67,1813600.48,1843873.28
Waste,Domestic Wastewater,Rural,,,,,Emissions,CO2e (t) GWP-AR2,Andaman & Nicobar Islands,Waste,,10985.59,11033.94,11082.28,11130.63,11613.81,11661.63,16864.86,16950.32,17035.77,17121.23,17206.69
Waste,Domestic Wastewater,Rural,,,,,Emissions,CO2e (t) GWP-AR2,Andhra Pradesh,Waste,,2215086.94,2232307.74,2249528.53,2266749.33,2339899.29,2357215.74,2852249.66,2876213.44,2900177.21,1726747.35,1738703.15
Waste,Domestic Wastewater,Rural,,,,,Emissions,CO2e (t) GWP-AR2,Arunachal Pradesh,Waste,,37926.46,38774.41,39622.35,40470.3,39119.42,39925.35,44132.6,45233.64,46334.69,47435.74,48536.79
Waste,Domestic Wastewater,Rural,,,,,Emissions,CO2e (t) GWP-AR2,Assam,Waste,,872460.33,885944.09,899427.85,912911.6,918926.91,932307.87,1022262.94,1039154.29,1056045.63,1072936.98,1089828.32
Waste,Domestic Wastewater,Rural,,,,,Emissions,CO2e (t) GWP-AR2,Bihar,Waste,,2356843.15,2410096.03,2463348.9,2516601.78,2521258.47,2573524.23,3083294.55,3160066.57,3236838.59,3313610.61,3390382.63
Waste,Domestic Wastewater,Rural,,,,,Emissions,CO2e (t) GWP-AR2,Chandigarh,Waste,,3032.19,2970.06,2907.92,2845.79,2809.55,2743.49,570.11,541.83,513.56,485.28,457.01
Waste,Domestic Wastewater,Rural,,,,,Emissions,CO2e (t) GWP-AR2,Chhattisgarh,Waste,,570270.77,581226.23,592181.7,603137.17,611015.77,621923.35,719820.87,734927.33,750033.79,765140.25,780246.72
Waste,Domestic Wastewater,Rural,,,,,Emissions,CO2e (t) GWP-AR2,Daman & Diu,Waste,,8439.43,8756.06,9072.68,9389.3,9869.92,10187.73,8690.14,9085.61,9481.1,9876.57,10272.04
Waste,Domestic Wastewater,Rural,,,,,Emissions,CO2e (t) GWP-AR2,Dadra & Nagar Haveli,Waste,,6873.26,7081.14,7289.02,7496.9,7755.93,7960.78,4711.87,4887.11,5062.35,5237.59,5412.83
Waste,Domestic Wastewater,Rural,,,,,Emissions,CO2e (t) GWP-AR2,Delhi,Waste,,58562.64,58759.56,58956.48,59153.4,59363.37,59558.99,35864.34,36145.56,36426.78,36708.01,36989.23
Waste,Domestic Wastewater,Rural,,,,,Emissions,CO2e (t) GWP-AR2,Goa,Waste,,29902.54,29933.44,29964.35,29995.25,30973.81,30984.12,36750.19,36853.66,36957.14,37060.61,37164.09
Waste,Domestic Wastewater,Rural,,,,,Emissions,CO2e (t) GWP-AR2,Gujarat,Waste,,1283605.13,1302680.52,1321755.9,1340831.29,1374338.77,1393539.16,1584690.78,1610741.27,1636791.76,1662842.25,1688892.74
Waste,Domestic Wastewater,Rural,,,,,Emissions,CO2e (t) GWP-AR2,Haryana,Waste,,601976.8,610647.3,619317.79,627988.29,633631.79,642274.66,881802.38,896441.65,911080.92,925720.2,940359.47
Waste,Domestic Wastewater,Rural,,,,,Emissions,CO2e (t) GWP-AR2,Himachal Pradesh,Waste,,165816.97,167831.88,169846.8,171861.71,176581.78,178627.78,280594.96,284194.18,287793.39,291392.6,294991.81
Waste,Domestic Wastewater,Rural,,,,,Emissions,CO2e (t) GWP-AR2,Jammu & Kashmir,Waste,,311051.93,317303.59,323555.25,329806.91,337045.66,343313.91,398951.87,407753.23,416554.58,425355.94,434157.3
Waste,Domestic Wastewater,Rural,,,,,Emissions,CO2e (t) GWP-AR2,Jharkhand,Waste,,598760.11,610385.21,622010.32,633635.42,644355.62,655965.41,711307.51,726317.73,741327.94,756338.16,771348.38
Waste,Domestic Wastewater,Rural,,,,,Emissions,CO2e (t) GWP-AR2,Karnataka,Waste,,1271017.44,1286407.86,1301798.27,1317188.69,1354656.17,1370200.74,1485893.51,1505002.51,1524111.5,1543220.5,1562329.5
Waste,Domestic Wastewater,Rural,,,,,Emissions,CO2e (t) GWP-AR2,Kerala,Waste,,1454872.82,1452062.81,1449252.8,1446442.79,1445726.61,1442848.23,1056011.95,1053457.89,1050903.82,1048349.76,1045795.7
Waste,Domestic Wastewater,Rural,,,,,Emissions,CO2e (t) GWP-AR2,Lakshadweep,Waste,,3429.43,3413.06,3396.69,3380.33,3363.28,3346.99,1536.76,1529.85,1522.94,1516.03,1509.12
Waste,Domestic Wastewater,Rural,,,,,Emissions,CO2e (t) GWP-AR2,Madhya Pradesh,Waste,,1522790.81,1550287.36,1577783.91,1605280.47,1654960.09,1682812.83,1930930.6,1968623.37,2006316.15,2044008.92,2081701.7
Waste,Domestic Wastewater,Rural,,,,,Emissions,CO2e (t) GWP-AR2,Maharashtra,Waste,,2347330.79,2378522.47,2409714.15,2440905.84,2509686.19,2541237.48,3005789.99,3048829.03,3091868.07,3134907.11,3177946.14
Waste,Domestic Wastewater,Rural,,,,,Emissions,CO2e (t) GWP-AR2,Manipur,Waste,,64826.24,65304.52,65782.79,66261.06,61908.88,62382.05,71798.21,72429.74,73061.27,73692.8,74324.34
Waste,Domestic Wastewater,Rural,,,,,Emissions,CO2e (t) GWP-AR2,Meghalaya,Waste,,72906.65,74722.96,76539.28,78355.59,76555.3,78290.88,91516.03,94053.73,96591.43,99129.13,101666.83
Waste,Domestic Wastewater,Rural,,,,,Emissions,CO2e (t) GWP-AR2,Mizoram,Waste,,20276.32,20663.7,21051.09,21438.48,18690.95,19030.46,24900.53,25443.59,25986.64,26529.69,27072.74
Waste,Domestic Wastewater,Rural,,,,,Emissions,CO2e (t) GWP-AR2,Nagaland,Waste,,71934.25,71515.15,71096.06,70676.97,67341.26,66970.2,74957.32,74637.75,74318.19,73998.62,73679.06
Waste,Domestic Wastewater,Rural,,,,,Emissions,CO2e (t) GWP-AR2,Odisha,Waste,,1099988.69,1113807.26,1127625.83,1141444.39,1187646.0,1201812.97,1326780.53,1344393.96,1362007.4,1379620.83,1397234.26
Waste,Domestic Wastewater,Rural,,,,,Emissions,CO2e (t) GWP-AR2,Puducherry,Waste,,16430.56,16821.83,17213.1,17604.37,18940.08,19348.56,23816.93,24447.51,25078.1,25708.68,26339.26
Waste,Domestic Wastewater,Rural,,,,,Emissions,CO2e (t) GWP-AR2,Punjab,Waste,,750089.42,758407.04,766724.67,775042.29,781657.77,789962.97,1113144.16,1126801.14,1140458.12,1154115.11,1167772.09
Waste,Domestic Wastewater,Rural,,,,,Emissions,CO2e (t) GWP-AR2,Rajasthan,Waste,,1781477.35,1814832.71,1848188.08,1881543.45,1914898.82,1948254.18,2235551.09,2281074.64,2326598.19,2372121.73,2417645.28
Waste,Domestic Wastewater,Rural,,,,,Emissions,CO2e (t) GWP-AR2,Sikkim,Waste,,24160.54,24355.16,24549.79,24744.42,25220.68,25413.84,34639.12,34978.91,35318.7,35658.49,35998.28
Waste,Domestic Wastewater,Rural,,,,,Emissions,CO2e (t) GWP-AR2,Tamil Nadu,Waste,,1350774.53,1367313.83,1383853.13,1400392.43,1460406.86,1477219.05,1633358.63,1654596.49,1675834.35,1697072.21,1718310.07
Waste,Domestic Wastewater,Rural,,,,,Emissions,CO2e (t) GWP-AR2,Telangana,Waste,,0.0,0.0,0.0,0.0,0.0,0.0,0.0,0.0,0.0,1116418.35,1127660.63
Waste,Domestic Wastewater,Rural,,,,,Emissions,CO2e (t) GWP-AR2,Tripura,Waste,,93945.02,94890.46,95835.9,96781.34,106231.07,107195.09,103183.46,104229.05,105274.63,106320.22,107365.81
Waste,Domestic Wastewater,Rural,,,,,Emissions,CO2e (t) GWP-AR2,Uttar Pradesh,Waste,,5115871.99,5207091.78,5298311.57,5389531.36,5321438.86,5410155.65,6513332.84,6639718.27,6766103.71,6892489.15,7018874.59
Waste,Domestic Wastewater,Rural,,,,,Emissions,CO2e (t) GWP-AR2,Uttarakhand,Waste,,258397.59,262261.68,266125.77,269989.86,271194.87,275030.92,414359.27,421264.4,428169.53,435074.66,441979.79
Waste,Domestic Wastewater,Rural,,,,,Emissions,CO2e (t) GWP-AR2,West Bengal,Waste,,2119511.53,2142947.8,2166384.06,2189820.33,2191894.72,2215176.45,2409032.62,2437263.57,2465494.53,2493725.48,2521956.44
Waste,Solid Waste Disposal,,,,,,Emissions,CO2e (t) GWP-AR2,Andaman & Nicobar Islands,Waste,,5049.36,5595.85,6102.23,6575.48,7021.47,7445.17,7850.77,8241.78,8629.88,9016.46,9402.67
Waste,Solid Waste Disposal,,,,,,Emissions,CO2e (t) GWP-AR2,Andhra Pradesh,Waste,,677159.06,739780.93,799984.66,858276.37,915083.1,970765.1,1025626.34,1079923.25,1136086.9,1116170.08,978377.09
Waste,Solid Waste Disposal,,,,,,Emissions,CO2e (t) GWP-AR2,Arunachal Pradesh,Waste,,4316.08,4805.95,5273.44,5723.04,6158.5,6582.99,6999.2,7409.38,7833.58,7610.14,8163.58
Waste,Solid Waste Disposal,,,,,,Emissions,CO2e (t) GWP-AR2,Assam,Waste,,40408.91,44667.92,48658.8,52429.95,56022.18,59469.93,62802.28,66043.73,69306.47,72596.08,75917.24
Waste,Solid Waste Disposal,,,,,,Emissions,CO2e (t) GWP-AR2,Bihar,Waste,,208934.03,210072.83,212507.71,216061.65,220585.32,225952.73,232057.57,238810.17,246575.35,255232.02,264678.02
Waste,Solid Waste Disposal,,,,,,Emissions,CO2e (t) GWP-AR2,Chandigarh,Waste,,18930.03,20217.62,21460.34,22667.73,23847.82,25007.41,26152.22,24445.56,23099.71,23311.01,23793.71
Waste,Solid Waste Disposal,,,,,,Emissions,CO2e (t) GWP-AR2,Chhattisgarh,Waste,,43523.45,54315.06,64272.77,73542.32,82246.69,90489.59,98358.57,105927.47,113564.91,121283.61,129094.29
Waste,Solid Waste Disposal,,,,,,Emissions,CO2e (t) GWP-AR2,Daman & Diu,Waste,,1008.3,1301.89,1608.3,1926.81,2256.83,2597.82,2949.36,3311.09,3808.06,4423.52,5143.33
Waste,Solid Waste Disposal,,,,,,Emissions,CO2e (t) GWP-AR2,Dadra & Nagar Haveli,Waste,,1544.9,1717.33,1921.48,2153.71,2410.9,2690.45,2990.15,3308.16,3794.6,4428.18,5190.92
Waste,Solid Waste Disposal,,,,,,Emissions,CO2e (t) GWP-AR2,Delhi,Waste,,424452.14,458669.34,491231.39,522456.5,552613.11,581927.71,610591.4,638765.39,667401.12,680500.49,712586.81
Waste,Solid Waste Disposal,,,,,,Emissions,CO2e (t) GWP-AR2,Goa,Waste,,21289.86,23734.78,26048.36,28255.5,30377.17,32431.09,34432.2,36393.11,38398.92,40266.96,42363.08
Waste,Solid Waste Disposal,,,,,,Emissions,CO2e (t) GWP-AR2,Gujarat,Waste,,334227.16,345897.14,358558.52,372105.41,386448.46,401512.29,417233.31,433557.86,451296.89,470300.91,490443.82
Waste,Solid Waste Disposal,,,,,,Emissions,CO2e (t) GWP-AR2,Haryana,Waste,,151036.5,163403.38,175653.99,187839.71,200003.9,212183.15,224408.33,236705.47,249796.59,263609.15,278081.89
Waste,Solid Waste Disposal,,,,,,Emissions,CO2e (t) GWP-AR2,Himachal Pradesh,Waste,,9408.76,10468.46,11431.01,12312.5,13126.52,13884.52,14596.16,13298.75,12231.71,11605.41,11727.41
Waste,Solid Waste Disposal,,,,,,Emissions,CO2e (t) GWP-AR2,Jammu & Kashmir,Waste,,79056.63,87369.03,95299.35,102923.35,110304.96,117498.1,124548.25,131493.82,138649.73,146006.59,153556.45
Waste,Solid Waste Disposal,,,,,,Emissions,CO2e (t) GWP-AR2,Jharkhand,Waste,,71599.56,86170.36,99524.83,111871.11,123384.82,134214.12,144483.99,154299.9,164037.86,173735.63,183425.07
Waste,Solid Waste Disposal,,,,,,Emissions,CO2e (t) GWP-AR2,Karnataka,Waste,,418466.89,458328.84,496228.06,532543.31,567594.12,601650.08,634938.66,667651.74,701073.64,735195.1,770008.32
Waste,Solid Waste Disposal,,,,,,Emissions,CO2e (t) GWP-AR2,Kerala,Waste,,241855.73,277613.83,313717.4,350233.87,387220.15,424724.23,462786.6,501441.43,545829.13,595304.73,649324.12
Waste,Solid Waste Disposal,,,,,,Emissions,CO2e (t) GWP-AR2,Lakshadweep,Waste,,536.58,598.2,661.44,726.28,792.68,860.65,930.15,1001.19,1082.74,1173.62,1272.83
Waste,Solid Waste Disposal,,,,,,Emissions,CO2e (t) GWP-AR2,Madhya Pradesh,Waste,,353325.39,372054.57,390502.46,408755.08,426885.01,444953.46,463012.08,481104.47,499825.1,519132.49,538991.63
Waste,Solid Waste Disposal,,,,,,Emissions,CO2e (t) GWP-AR2,Maharashtra,Waste,,815495.16,881071.76,942973.49,1001876.57,1058351.48,1112879.54,1165866.83,1217655.96,1269805.38,1322393.8,1375487.59
Waste,Solid Waste Disposal,,,,,,Emissions,CO2e (t) GWP-AR2,Manipur,Waste,,6762.44,7499.42,8212.11,8905.98,9585.62,10254.92,10917.17,11575.14,12266.38,12988.29,13738.65
Waste,Solid Waste Disposal,,,,,,Emissions,CO2e (t) GWP-AR2,Meghalaya,Waste,,9103.52,10123.4,11082.1,11990.84,12859.06,13694.76,14504.67,14594.59,14773.47,15246.63,16328.24
Waste,Solid Waste Disposal,,,,,,Emissions,CO2e (t) GWP-AR2,Mizoram,Waste,,6421.14,7075.57,7692.42,8278.63,8840.08,9381.7,9907.66,10421.48,10942.06,11469.82,12005.13
Waste,Solid Waste Disposal,,,,,,Emissions,CO2e (t) GWP-AR2,Nagaland,Waste,,3442.86,3962.91,4470.88,4970.02,5463.07,5952.34,6439.78,6927.02,7456.98,8025.41,8628.72
Waste,Solid Waste Disposal,,,,,,Emissions,CO2e (t) GWP-AR2,Odisha,Waste,,117800.34,123557.49,129304.61,135057.62,140829.93,146632.89,152476.03,158367.43,164511.19,170887.4,177479.26
Waste,Solid Waste Disposal,,,,,,Emissions,CO2e (t) GWP-AR2,Puducherry,Waste,,22859.53,25066.35,27162.27,29168.56,31103.17,32981.26,34815.6,36616.97,38455.89,40332.03,42245.16
Waste,Solid Waste Disposal,,,,,,Emissions,CO2e (t) GWP-AR2,Punjab,Waste,,237872.3,259110.48,279127.3,298147.1,316359.14,333923.09,350973.68,367624.55,384416.94,401373.85,418514.68
Waste,Solid Waste Disposal,,,,,,Emissions,CO2e (t) GWP-AR2,Rajasthan,Waste,,305736.97,316269.5,327401.81,339077.16,351247.63,363872.84,376918.69,390356.42,404701.15,419862.32,435763.54
Waste,Solid Waste Disposal,,,,,,Emissions,CO2e (t) GWP-AR2,Sikkim,Waste,,1719.46,2022.79,2341.42,2674.31,3020.57,3379.45,3750.33,3937.22,4226.82,4868.92,5583.31
Waste,Solid Waste Disposal,,,,,,Emissions,CO2e (t) GWP-AR2,Tamil Nadu,Waste,,798476.49,849073.74,898235.12,946289.52,993514.46,1040144.06,1086375.85,1132376.47,1179727.76,1228361.02,1278218.28
Waste,Solid Waste Disposal,,,,,,Emissions,CO2e (t) GWP-AR2,Telangana,Waste,,0.0,0.0,0.0,0.0,0.0,0.0,0.0,0.0,0.0,0.0,85319.35
Waste,Solid Waste Disposal,,,,,,Emissions,CO2e (t) GWP-AR2,Tripura,Waste,,13493.61,14990.18,16509.88,18054.24,19624.54,21221.87,22847.13,24501.09,26363.14,28410.45,28954.07
Waste,Solid Waste Disposal,,,,,,Emissions,CO2e (t) GWP-AR2,Uttar Pradesh,Waste,,885157.54,923221.9,962103.8,1001786.72,1042256.69,1083501.93,1125512.51,1168280.05,1213411.21,1260690.32,1309935.43
Waste,Solid Waste Disposal,,,,,,Emissions,CO2e (t) GWP-AR2,Uttarakhand,Waste,,23341.44,29623.22,35390.32,40731.54,45721.8,50424.31,54892.39,59171.03,63457.56,67763.27,72097.69
Waste,Solid Waste Disposal,,,,,,Emissions,CO2e (t) GWP-AR2,West Bengal,Waste,,691917.93,726101.9,760506.15,795188.51,830197.76,865575.06,901355.14,937567.31,975607.84,1015319.36,1056569.12
